2025-06-15T17:33:27.983Z [INFO] [Environment] Running command (Java 8): java -version
openjdk version "1.8.0_452"
OpenJDK Runtime Environment (build 1.8.0_452-b11)
OpenJDK 64-Bit Server VM (build 25.452-b11, mixed mode)
2025-06-15T17:33:28.034Z [INFO] [JdkEnvironment] Got real Java version: 1.8.0_452
2025-06-15T17:33:28.034Z [INFO] [Project java-on-azure-day]: getting Java version.
2025-06-15T17:33:28.034Z [INFO] [Project java-on-azure-day]: got Java version: 8
2025-06-15T17:33:28.035Z [INFO] Collecting OpenRewrite recipes for upgrading to Java 21.
2025-06-15T17:33:28.035Z [INFO] Dry run OpenRewrite to collect additional recipes.
2025-06-15T17:33:28.035Z [INFO] [MavenBuildTool] Running OpenRewrite recipes in /Users/ihcomega/workspace/java-on-azure-day using Maven
2025-06-15T17:33:28.035Z [INFO] [MavenBuildTool] Running OpenRewrite recipes: org.openrewrite.java.migrate.UpgradeToJava21
2025-06-15T17:33:28.035Z [INFO] [Environment] Running command (Java 8): mvn -B org.openrewrite.maven:rewrite-maven-plugin:5.37.1:dryRun -Drewrite.activeRecipes=org.openrewrite.java.migrate.UpgradeToJava21 -Drewrite.recipeArtifactCoordinates=org.openrewrite.recipe:rewrite-migrate-java:2.25.0
[INFO] Scanning for projects...
[INFO] Downloading from central: https://repo.maven.apache.org/maven2/org/openrewrite/maven/rewrite-maven-plugin/5.37.1/rewrite-maven-plugin-5.37.1.pom
[INFO] Downloaded from central: https://repo.maven.apache.org/maven2/org/openrewrite/maven/rewrite-maven-plugin/5.37.1/rewrite-maven-plugin-5.37.1.pom (28 kB at 134 kB/s)
[INFO] Downloading from central: https://repo.maven.apache.org/maven2/com/fasterxml/jackson/jackson-bom/2.16.2/jackson-bom-2.16.2.pom
[INFO] Downloaded from central: https://repo.maven.apache.org/maven2/com/fasterxml/jackson/jackson-bom/2.16.2/jackson-bom-2.16.2.pom (18 kB at 559 kB/s)
[INFO] Downloading from central: https://repo.maven.apache.org/maven2/com/fasterxml/jackson/jackson-parent/2.16/jackson-parent-2.16.pom
[INFO] Downloaded from central: https://repo.maven.apache.org/maven2/com/fasterxml/jackson/jackson-parent/2.16/jackson-parent-2.16.pom (6.5 kB at 326 kB/s)
[INFO] Downloading from central: https://repo.maven.apache.org/maven2/com/fasterxml/oss-parent/56/oss-parent-56.pom
[INFO] Downloaded from central: https://repo.maven.apache.org/maven2/com/fasterxml/oss-parent/56/oss-parent-56.pom (24 kB at 906 kB/s)
[INFO] Downloading from central: https://repo.maven.apache.org/maven2/io/netty/netty-bom/4.1.112.Final/netty-bom-4.1.112.Final.pom
[INFO] Downloaded from central: https://repo.maven.apache.org/maven2/io/netty/netty-bom/4.1.112.Final/netty-bom-4.1.112.Final.pom (14 kB at 723 kB/s)
[INFO] Downloading from central: https://repo.maven.apache.org/maven2/org/assertj/assertj-bom/3.26.3/assertj-bom-3.26.3.pom
[INFO] Downloaded from central: https://repo.maven.apache.org/maven2/org/assertj/assertj-bom/3.26.3/assertj-bom-3.26.3.pom (3.7 kB at 119 kB/s)
[INFO] Downloading from central: https://repo.maven.apache.org/maven2/org/jetbrains/kotlin/kotlin-bom/1.9.24/kotlin-bom-1.9.24.pom
[INFO] Downloaded from central: https://repo.maven.apache.org/maven2/org/jetbrains/kotlin/kotlin-bom/1.9.24/kotlin-bom-1.9.24.pom (9.1 kB at 434 kB/s)
[INFO] Downloading from central: https://repo.maven.apache.org/maven2/io/rsocket/rsocket-bom/1.1.4/rsocket-bom-1.1.4.pom
[INFO] Downloaded from central: https://repo.maven.apache.org/maven2/io/rsocket/rsocket-bom/1.1.4/rsocket-bom-1.1.4.pom (2.4 kB at 119 kB/s)
[INFO] Downloading from central: https://repo.maven.apache.org/maven2/org/openrewrite/rewrite-bom/8.32.0/rewrite-bom-8.32.0.pom
[INFO] Downloaded from central: https://repo.maven.apache.org/maven2/org/openrewrite/rewrite-bom/8.32.0/rewrite-bom-8.32.0.pom (5.7 kB at 286 kB/s)
[INFO] Downloading from central: https://repo.maven.apache.org/maven2/org/openrewrite/maven/rewrite-maven-plugin/5.37.1/rewrite-maven-plugin-5.37.1.jar
[INFO] Downloaded from central: https://repo.maven.apache.org/maven2/org/openrewrite/maven/rewrite-maven-plugin/5.37.1/rewrite-maven-plugin-5.37.1.jar (116 kB at 2.4 MB/s)
[INFO] 
[INFO] -------------------< com.example:ticket-reservation >-------------------
[INFO] Building Ticket Reservation System 1.0.0
[INFO]   from pom.xml
[INFO] --------------------------------[ war ]---------------------------------
[INFO] 
[INFO] >>> rewrite:5.37.1:dryRun (default-cli) > process-test-classes @ ticket-reservation >>>
[INFO] 
[INFO] --- resources:3.3.1:resources (default-resources) @ ticket-reservation ---
[INFO] Copying 1 resource from src/main/resources to target/classes
[INFO] 
[INFO] --- compiler:3.8.1:compile (default-compile) @ ticket-reservation ---
[INFO] Changes detected - recompiling the module!
[INFO] Compiling 11 source files to /Users/ihcomega/workspace/java-on-azure-day/target/classes
[INFO] 
[INFO] --- resources:3.3.1:testResources (default-testResources) @ ticket-reservation ---
[INFO] skip non existing resourceDirectory /Users/ihcomega/workspace/java-on-azure-day/src/test/resources
[INFO] 
[INFO] --- compiler:3.8.1:testCompile (default-testCompile) @ ticket-reservation ---
[INFO] Changes detected - recompiling the module!
[INFO] 
[INFO] <<< rewrite:5.37.1:dryRun (default-cli) < process-test-classes @ ticket-reservation <<<
[INFO] 
[INFO] 
[INFO] --- rewrite:5.37.1:dryRun (default-cli) @ ticket-reservation ---
[INFO] Downloading from central: https://repo.maven.apache.org/maven2/org/openrewrite/rewrite-java/8.32.0/rewrite-java-8.32.0.pom
[INFO] Downloaded from central: https://repo.maven.apache.org/maven2/org/openrewrite/rewrite-java/8.32.0/rewrite-java-8.32.0.pom (5.5 kB at 326 kB/s)
[INFO] Downloading from central: https://repo.maven.apache.org/maven2/com/fasterxml/jackson/jackson-bom/2.16.1/jackson-bom-2.16.1.pom
[INFO] Downloaded from central: https://repo.maven.apache.org/maven2/com/fasterxml/jackson/jackson-bom/2.16.1/jackson-bom-2.16.1.pom (18 kB at 793 kB/s)
[INFO] Downloading from central: https://repo.maven.apache.org/maven2/org/openrewrite/rewrite-core/8.32.0/rewrite-core-8.32.0.pom
[INFO] Downloaded from central: https://repo.maven.apache.org/maven2/org/openrewrite/rewrite-core/8.32.0/rewrite-core-8.32.0.pom (5.7 kB at 270 kB/s)
[INFO] Downloading from central: https://repo.maven.apache.org/maven2/org/openrewrite/tools/jgit/1.2.0/jgit-1.2.0.pom
[INFO] Downloaded from central: https://repo.maven.apache.org/maven2/org/openrewrite/tools/jgit/1.2.0/jgit-1.2.0.pom (3.3 kB at 159 kB/s)
[INFO] Downloading from central: https://repo.maven.apache.org/maven2/org/jetbrains/annotations/24.1.0/annotations-24.1.0.pom
[INFO] Downloaded from central: https://repo.maven.apache.org/maven2/org/jetbrains/annotations/24.1.0/annotations-24.1.0.pom (1.3 kB at 74 kB/s)
[INFO] Downloading from central: https://repo.maven.apache.org/maven2/com/fasterxml/jackson/core/jackson-core/2.16.2/jackson-core-2.16.2.pom
[INFO] Downloaded from central: https://repo.maven.apache.org/maven2/com/fasterxml/jackson/core/jackson-core/2.16.2/jackson-core-2.16.2.pom (9.9 kB at 382 kB/s)
[INFO] Downloading from central: https://repo.maven.apache.org/maven2/com/fasterxml/jackson/jackson-base/2.16.2/jackson-base-2.16.2.pom
[INFO] Downloaded from central: https://repo.maven.apache.org/maven2/com/fasterxml/jackson/jackson-base/2.16.2/jackson-base-2.16.2.pom (11 kB at 631 kB/s)
[INFO] Downloading from central: https://repo.maven.apache.org/maven2/com/fasterxml/jackson/core/jackson-databind/2.16.2/jackson-databind-2.16.2.pom
[INFO] Downloaded from central: https://repo.maven.apache.org/maven2/com/fasterxml/jackson/core/jackson-databind/2.16.2/jackson-databind-2.16.2.pom (21 kB at 1.1 MB/s)
[INFO] Downloading from central: https://repo.maven.apache.org/maven2/org/junit/junit-bom/5.9.2/junit-bom-5.9.2.pom
[INFO] Downloaded from central: https://repo.maven.apache.org/maven2/org/junit/junit-bom/5.9.2/junit-bom-5.9.2.pom (5.6 kB at 313 kB/s)
[INFO] Downloading from central: https://repo.maven.apache.org/maven2/com/fasterxml/jackson/core/jackson-annotations/2.16.2/jackson-annotations-2.16.2.pom
[INFO] Downloaded from central: https://repo.maven.apache.org/maven2/com/fasterxml/jackson/core/jackson-annotations/2.16.2/jackson-annotations-2.16.2.pom (7.1 kB at 392 kB/s)
[INFO] Downloading from central: https://repo.maven.apache.org/maven2/com/fasterxml/jackson/dataformat/jackson-dataformat-smile/2.16.2/jackson-dataformat-smile-2.16.2.pom
[INFO] Downloaded from central: https://repo.maven.apache.org/maven2/com/fasterxml/jackson/dataformat/jackson-dataformat-smile/2.16.2/jackson-dataformat-smile-2.16.2.pom (3.4 kB at 135 kB/s)
[INFO] Downloading from central: https://repo.maven.apache.org/maven2/com/fasterxml/jackson/dataformat/jackson-dataformats-binary/2.16.2/jackson-dataformats-binary-2.16.2.pom
[INFO] Downloaded from central: https://repo.maven.apache.org/maven2/com/fasterxml/jackson/dataformat/jackson-dataformats-binary/2.16.2/jackson-dataformats-binary-2.16.2.pom (3.8 kB at 191 kB/s)
[INFO] Downloading from central: https://repo.maven.apache.org/maven2/com/fasterxml/jackson/module/jackson-module-parameter-names/2.16.2/jackson-module-parameter-names-2.16.2.pom
[INFO] Downloaded from central: https://repo.maven.apache.org/maven2/com/fasterxml/jackson/module/jackson-module-parameter-names/2.16.2/jackson-module-parameter-names-2.16.2.pom (4.4 kB at 168 kB/s)
[INFO] Downloading from central: https://repo.maven.apache.org/maven2/com/fasterxml/jackson/module/jackson-modules-java8/2.16.2/jackson-modules-java8-2.16.2.pom
[INFO] Downloaded from central: https://repo.maven.apache.org/maven2/com/fasterxml/jackson/module/jackson-modules-java8/2.16.2/jackson-modules-java8-2.16.2.pom (3.1 kB at 148 kB/s)
[INFO] Downloading from central: https://repo.maven.apache.org/maven2/com/fasterxml/jackson/datatype/jackson-datatype-jsr310/2.16.2/jackson-datatype-jsr310-2.16.2.pom
[INFO] Downloaded from central: https://repo.maven.apache.org/maven2/com/fasterxml/jackson/datatype/jackson-datatype-jsr310/2.16.2/jackson-datatype-jsr310-2.16.2.pom (4.9 kB at 182 kB/s)
[INFO] Downloading from central: https://repo.maven.apache.org/maven2/org/openrewrite/tools/java-object-diff/1.0.1/java-object-diff-1.0.1.pom
[INFO] Downloaded from central: https://repo.maven.apache.org/maven2/org/openrewrite/tools/java-object-diff/1.0.1/java-object-diff-1.0.1.pom (3.5 kB at 216 kB/s)
[INFO] Downloading from central: https://repo.maven.apache.org/maven2/com/fasterxml/jackson/jackson-bom/2.13.4.20221013/jackson-bom-2.13.4.20221013.pom
[INFO] Downloaded from central: https://repo.maven.apache.org/maven2/com/fasterxml/jackson/jackson-bom/2.13.4.20221013/jackson-bom-2.13.4.20221013.pom (17 kB at 263 kB/s)
[INFO] Downloading from central: https://repo.maven.apache.org/maven2/org/jetbrains/annotations/24.0.0/annotations-24.0.0.pom
[INFO] Downloaded from central: https://repo.maven.apache.org/maven2/org/jetbrains/annotations/24.0.0/annotations-24.0.0.pom (1.3 kB at 23 kB/s)
[INFO] Downloading from central: https://repo.maven.apache.org/maven2/io/quarkus/gizmo/gizmo/1.0.11.Final/gizmo-1.0.11.Final.pom
[INFO] Downloaded from central: https://repo.maven.apache.org/maven2/io/quarkus/gizmo/gizmo/1.0.11.Final/gizmo-1.0.11.Final.pom (10 kB at 391 kB/s)
[INFO] Downloading from central: https://repo.maven.apache.org/maven2/org/ow2/asm/asm/9.3/asm-9.3.pom
[INFO] Downloaded from central: https://repo.maven.apache.org/maven2/org/ow2/asm/asm/9.3/asm-9.3.pom (2.4 kB at 132 kB/s)
[INFO] Downloading from central: https://repo.maven.apache.org/maven2/org/ow2/asm/asm-util/9.3/asm-util-9.3.pom
[INFO] Downloaded from central: https://repo.maven.apache.org/maven2/org/ow2/asm/asm-util/9.3/asm-util-9.3.pom (2.9 kB at 196 kB/s)
[INFO] Downloading from central: https://repo.maven.apache.org/maven2/org/ow2/asm/asm-tree/9.3/asm-tree-9.3.pom
[INFO] Downloaded from central: https://repo.maven.apache.org/maven2/org/ow2/asm/asm-tree/9.3/asm-tree-9.3.pom (2.6 kB at 199 kB/s)
[INFO] Downloading from central: https://repo.maven.apache.org/maven2/org/ow2/asm/asm-analysis/9.3/asm-analysis-9.3.pom
[INFO] Downloaded from central: https://repo.maven.apache.org/maven2/org/ow2/asm/asm-analysis/9.3/asm-analysis-9.3.pom (2.6 kB at 125 kB/s)
[INFO] Downloading from central: https://repo.maven.apache.org/maven2/net/java/dev/jna/jna-platform/5.14.0/jna-platform-5.14.0.pom
[INFO] Downloaded from central: https://repo.maven.apache.org/maven2/net/java/dev/jna/jna-platform/5.14.0/jna-platform-5.14.0.pom (2.3 kB at 107 kB/s)
[INFO] Downloading from central: https://repo.maven.apache.org/maven2/net/java/dev/jna/jna/5.14.0/jna-5.14.0.pom
[INFO] Downloaded from central: https://repo.maven.apache.org/maven2/net/java/dev/jna/jna/5.14.0/jna-5.14.0.pom (2.0 kB at 107 kB/s)
[INFO] Downloading from central: https://repo.maven.apache.org/maven2/org/apache/commons/commons-compress/1.26.2/commons-compress-1.26.2.pom
[INFO] Downloaded from central: https://repo.maven.apache.org/maven2/org/apache/commons/commons-compress/1.26.2/commons-compress-1.26.2.pom (23 kB at 717 kB/s)
[INFO] Downloading from central: https://repo.maven.apache.org/maven2/commons-codec/commons-codec/1.17.0/commons-codec-1.17.0.pom
[INFO] Downloaded from central: https://repo.maven.apache.org/maven2/commons-codec/commons-codec/1.17.0/commons-codec-1.17.0.pom (18 kB at 851 kB/s)
[INFO] Downloading from central: https://repo.maven.apache.org/maven2/commons-io/commons-io/2.16.1/commons-io-2.16.1.pom
[INFO] Downloaded from central: https://repo.maven.apache.org/maven2/commons-io/commons-io/2.16.1/commons-io-2.16.1.pom (20 kB at 1.0 MB/s)
[INFO] Downloading from central: https://repo.maven.apache.org/maven2/io/micrometer/micrometer-core/1.9.17/micrometer-core-1.9.17.pom
[INFO] Downloaded from central: https://repo.maven.apache.org/maven2/io/micrometer/micrometer-core/1.9.17/micrometer-core-1.9.17.pom (8.5 kB at 224 kB/s)
[INFO] Downloading from central: https://repo.maven.apache.org/maven2/io/github/classgraph/classgraph/4.8.174/classgraph-4.8.174.pom
[INFO] Downloaded from central: https://repo.maven.apache.org/maven2/io/github/classgraph/classgraph/4.8.174/classgraph-4.8.174.pom (31 kB at 1.5 MB/s)
[INFO] Downloading from central: https://repo.maven.apache.org/maven2/org/yaml/snakeyaml/2.2/snakeyaml-2.2.pom
[INFO] Downloaded from central: https://repo.maven.apache.org/maven2/org/yaml/snakeyaml/2.2/snakeyaml-2.2.pom (21 kB at 1.1 MB/s)
[INFO] Downloading from central: https://repo.maven.apache.org/maven2/org/openrewrite/rewrite-yaml/8.32.0/rewrite-yaml-8.32.0.pom
[INFO] Downloaded from central: https://repo.maven.apache.org/maven2/org/openrewrite/rewrite-yaml/8.32.0/rewrite-yaml-8.32.0.pom (4.1 kB at 137 kB/s)
[INFO] Downloading from central: https://repo.maven.apache.org/maven2/org/antlr/antlr4-runtime/4.11.1/antlr4-runtime-4.11.1.pom
[INFO] Downloaded from central: https://repo.maven.apache.org/maven2/org/antlr/antlr4-runtime/4.11.1/antlr4-runtime-4.11.1.pom (3.6 kB at 187 kB/s)
[INFO] Downloading from central: https://repo.maven.apache.org/maven2/org/antlr/antlr4-master/4.11.1/antlr4-master-4.11.1.pom
[INFO] Downloaded from central: https://repo.maven.apache.org/maven2/org/antlr/antlr4-master/4.11.1/antlr4-master-4.11.1.pom (4.4 kB at 260 kB/s)
[INFO] Downloading from central: https://repo.maven.apache.org/maven2/org/openrewrite/rewrite-xml/8.32.0/rewrite-xml-8.32.0.pom
[INFO] Downloaded from central: https://repo.maven.apache.org/maven2/org/openrewrite/rewrite-xml/8.32.0/rewrite-xml-8.32.0.pom (4.1 kB at 257 kB/s)
[INFO] Downloading from central: https://repo.maven.apache.org/maven2/org/apache/commons/commons-text/1.11.0/commons-text-1.11.0.pom
[INFO] Downloaded from central: https://repo.maven.apache.org/maven2/org/apache/commons/commons-text/1.11.0/commons-text-1.11.0.pom (19 kB at 806 kB/s)
[INFO] Downloading from central: https://repo.maven.apache.org/maven2/org/apache/commons/commons-lang3/3.13.0/commons-lang3-3.13.0.pom
[INFO] Downloaded from central: https://repo.maven.apache.org/maven2/org/apache/commons/commons-lang3/3.13.0/commons-lang3-3.13.0.pom (31 kB at 1.2 MB/s)
[INFO] Downloading from central: https://repo.maven.apache.org/maven2/org/apache/commons/commons-parent/58/commons-parent-58.pom
[INFO] Downloaded from central: https://repo.maven.apache.org/maven2/org/apache/commons/commons-parent/58/commons-parent-58.pom (83 kB at 2.0 MB/s)
[INFO] Downloading from central: https://repo.maven.apache.org/maven2/org/apache/commons/commons-lang3/3.15.0/commons-lang3-3.15.0.pom
[INFO] Downloaded from central: https://repo.maven.apache.org/maven2/org/apache/commons/commons-lang3/3.15.0/commons-lang3-3.15.0.pom (31 kB at 1.3 MB/s)
[INFO] Downloading from central: https://repo.maven.apache.org/maven2/org/apache/commons/commons-parent/71/commons-parent-71.pom
[INFO] Downloaded from central: https://repo.maven.apache.org/maven2/org/apache/commons/commons-parent/71/commons-parent-71.pom (78 kB at 2.7 MB/s)
[INFO] Downloading from central: https://repo.maven.apache.org/maven2/org/junit/junit-bom/5.11.0-M2/junit-bom-5.11.0-M2.pom
[INFO] Downloaded from central: https://repo.maven.apache.org/maven2/org/junit/junit-bom/5.11.0-M2/junit-bom-5.11.0-M2.pom (5.7 kB at 317 kB/s)
[INFO] Downloading from central: https://repo.maven.apache.org/maven2/org/xerial/snappy/snappy-java/1.1.10.5/snappy-java-1.1.10.5.pom
[INFO] Downloaded from central: https://repo.maven.apache.org/maven2/org/xerial/snappy/snappy-java/1.1.10.5/snappy-java-1.1.10.5.pom (3.1 kB at 192 kB/s)
[INFO] Downloading from central: https://repo.maven.apache.org/maven2/io/github/fastfilter/fastfilter/1.0.2/fastfilter-1.0.2.pom
[INFO] Downloaded from central: https://repo.maven.apache.org/maven2/io/github/fastfilter/fastfilter/1.0.2/fastfilter-1.0.2.pom (2.5 kB at 156 kB/s)
[INFO] Downloading from central: https://repo.maven.apache.org/maven2/io/github/fastfilter/fastfilter_java/1.0.2/fastfilter_java-1.0.2.pom
[INFO] Downloaded from central: https://repo.maven.apache.org/maven2/io/github/fastfilter/fastfilter_java/1.0.2/fastfilter_java-1.0.2.pom (5.0 kB at 142 kB/s)
[INFO] Downloading from central: https://repo.maven.apache.org/maven2/org/ow2/asm/asm-util/9.7/asm-util-9.7.pom
[INFO] Downloaded from central: https://repo.maven.apache.org/maven2/org/ow2/asm/asm-util/9.7/asm-util-9.7.pom (2.9 kB at 45 kB/s)
[INFO] Downloading from central: https://repo.maven.apache.org/maven2/org/ow2/asm/asm-tree/9.7/asm-tree-9.7.pom
[INFO] Downloaded from central: https://repo.maven.apache.org/maven2/org/ow2/asm/asm-tree/9.7/asm-tree-9.7.pom (2.6 kB at 123 kB/s)
[INFO] Downloading from central: https://repo.maven.apache.org/maven2/org/ow2/asm/asm-analysis/9.7/asm-analysis-9.7.pom
[INFO] Downloaded from central: https://repo.maven.apache.org/maven2/org/ow2/asm/asm-analysis/9.7/asm-analysis-9.7.pom (2.6 kB at 97 kB/s)
[INFO] Downloading from central: https://repo.maven.apache.org/maven2/org/openrewrite/rewrite-java-8/8.32.0/rewrite-java-8-8.32.0.pom
[INFO] Downloaded from central: https://repo.maven.apache.org/maven2/org/openrewrite/rewrite-java-8/8.32.0/rewrite-java-8-8.32.0.pom (3.7 kB at 169 kB/s)
[INFO] Downloading from central: https://repo.maven.apache.org/maven2/org/openrewrite/rewrite-java-11/8.32.0/rewrite-java-11-8.32.0.pom
[INFO] Downloaded from central: https://repo.maven.apache.org/maven2/org/openrewrite/rewrite-java-11/8.32.0/rewrite-java-11-8.32.0.pom (4.1 kB at 205 kB/s)
[INFO] Downloading from central: https://repo.maven.apache.org/maven2/org/openrewrite/rewrite-java-17/8.32.0/rewrite-java-17-8.32.0.pom
[INFO] Downloaded from central: https://repo.maven.apache.org/maven2/org/openrewrite/rewrite-java-17/8.32.0/rewrite-java-17-8.32.0.pom (4.1 kB at 241 kB/s)
[INFO] Downloading from central: https://repo.maven.apache.org/maven2/org/openrewrite/rewrite-maven/8.32.0/rewrite-maven-8.32.0.pom
[INFO] Downloaded from central: https://repo.maven.apache.org/maven2/org/openrewrite/rewrite-maven/8.32.0/rewrite-maven-8.32.0.pom (5.9 kB at 326 kB/s)
[INFO] Downloading from central: https://repo.maven.apache.org/maven2/com/github/ben-manes/caffeine/caffeine/2.9.3/caffeine-2.9.3.pom
[INFO] Downloaded from central: https://repo.maven.apache.org/maven2/com/github/ben-manes/caffeine/caffeine/2.9.3/caffeine-2.9.3.pom (2.1 kB at 99 kB/s)
[INFO] Downloading from central: https://repo.maven.apache.org/maven2/org/checkerframework/checker-qual/3.19.0/checker-qual-3.19.0.pom
[INFO] Downloaded from central: https://repo.maven.apache.org/maven2/org/checkerframework/checker-qual/3.19.0/checker-qual-3.19.0.pom (2.1 kB at 44 kB/s)
[INFO] Downloading from central: https://repo.maven.apache.org/maven2/com/google/errorprone/error_prone_annotations/2.10.0/error_prone_annotations-2.10.0.pom
[INFO] Downloaded from central: https://repo.maven.apache.org/maven2/com/google/errorprone/error_prone_annotations/2.10.0/error_prone_annotations-2.10.0.pom (2.1 kB at 132 kB/s)
[INFO] Downloading from central: https://repo.maven.apache.org/maven2/com/google/errorprone/error_prone_parent/2.10.0/error_prone_parent-2.10.0.pom
[INFO] Downloaded from central: https://repo.maven.apache.org/maven2/com/google/errorprone/error_prone_parent/2.10.0/error_prone_parent-2.10.0.pom (10 kB at 456 kB/s)
[INFO] Downloading from central: https://repo.maven.apache.org/maven2/dev/failsafe/failsafe/3.3.2/failsafe-3.3.2.pom
[INFO] Downloaded from central: https://repo.maven.apache.org/maven2/dev/failsafe/failsafe/3.3.2/failsafe-3.3.2.pom (1.0 kB at 26 kB/s)
[INFO] Downloading from central: https://repo.maven.apache.org/maven2/dev/failsafe/failsafe-parent/3.3.2/failsafe-parent-3.3.2.pom
[INFO] Downloaded from central: https://repo.maven.apache.org/maven2/dev/failsafe/failsafe-parent/3.3.2/failsafe-parent-3.3.2.pom (9.2 kB at 510 kB/s)
[INFO] Downloading from central: https://repo.maven.apache.org/maven2/com/fasterxml/jackson/dataformat/jackson-dataformat-xml/2.16.2/jackson-dataformat-xml-2.16.2.pom
[INFO] Downloaded from central: https://repo.maven.apache.org/maven2/com/fasterxml/jackson/dataformat/jackson-dataformat-xml/2.16.2/jackson-dataformat-xml-2.16.2.pom (7.3 kB at 237 kB/s)
[INFO] Downloading from central: https://repo.maven.apache.org/maven2/org/codehaus/woodstox/stax2-api/4.2.1/stax2-api-4.2.1.pom
[INFO] Downloaded from central: https://repo.maven.apache.org/maven2/org/codehaus/woodstox/stax2-api/4.2.1/stax2-api-4.2.1.pom (6.3 kB at 314 kB/s)
[INFO] Downloading from central: https://repo.maven.apache.org/maven2/com/fasterxml/oss-parent/38/oss-parent-38.pom
[INFO] Downloaded from central: https://repo.maven.apache.org/maven2/com/fasterxml/oss-parent/38/oss-parent-38.pom (23 kB at 1.0 MB/s)
[INFO] Downloading from central: https://repo.maven.apache.org/maven2/com/fasterxml/woodstox/woodstox-core/6.5.1/woodstox-core-6.5.1.pom
[INFO] Downloaded from central: https://repo.maven.apache.org/maven2/com/fasterxml/woodstox/woodstox-core/6.5.1/woodstox-core-6.5.1.pom (9.6 kB at 505 kB/s)
[INFO] Downloading from central: https://repo.maven.apache.org/maven2/com/fasterxml/oss-parent/50/oss-parent-50.pom
[INFO] Downloaded from central: https://repo.maven.apache.org/maven2/com/fasterxml/oss-parent/50/oss-parent-50.pom (24 kB at 875 kB/s)
[INFO] Downloading from central: https://repo.maven.apache.org/maven2/com/fasterxml/jackson/module/jackson-module-jaxb-annotations/2.16.2/jackson-module-jaxb-annotations-2.16.2.pom
[INFO] Downloaded from central: https://repo.maven.apache.org/maven2/com/fasterxml/jackson/module/jackson-module-jaxb-annotations/2.16.2/jackson-module-jaxb-annotations-2.16.2.pom (3.8 kB at 180 kB/s)
[INFO] Downloading from central: https://repo.maven.apache.org/maven2/com/fasterxml/jackson/module/jackson-modules-base/2.16.2/jackson-modules-base-2.16.2.pom
[INFO] Downloaded from central: https://repo.maven.apache.org/maven2/com/fasterxml/jackson/module/jackson-modules-base/2.16.2/jackson-modules-base-2.16.2.pom (4.1 kB at 241 kB/s)
[INFO] Downloading from central: https://repo.maven.apache.org/maven2/jakarta/activation/jakarta.activation-api/1.2.2/jakarta.activation-api-1.2.2.pom
[INFO] Downloaded from central: https://repo.maven.apache.org/maven2/jakarta/activation/jakarta.activation-api/1.2.2/jakarta.activation-api-1.2.2.pom (5.3 kB at 312 kB/s)
[INFO] Downloading from central: https://repo.maven.apache.org/maven2/com/fasterxml/jackson/datatype/jackson-datatype-jdk8/2.16.2/jackson-datatype-jdk8-2.16.2.pom
[INFO] Downloaded from central: https://repo.maven.apache.org/maven2/com/fasterxml/jackson/datatype/jackson-datatype-jdk8/2.16.2/jackson-datatype-jdk8-2.16.2.pom (2.6 kB at 129 kB/s)
[INFO] Downloading from central: https://repo.maven.apache.org/maven2/org/openrewrite/rewrite-properties/8.32.0/rewrite-properties-8.32.0.pom
[INFO] Downloaded from central: https://repo.maven.apache.org/maven2/org/openrewrite/rewrite-properties/8.32.0/rewrite-properties-8.32.0.pom (3.8 kB at 199 kB/s)
[INFO] Downloading from central: https://repo.maven.apache.org/maven2/org/openrewrite/rewrite-hcl/8.32.0/rewrite-hcl-8.32.0.pom
[INFO] Downloaded from central: https://repo.maven.apache.org/maven2/org/openrewrite/rewrite-hcl/8.32.0/rewrite-hcl-8.32.0.pom (3.9 kB at 140 kB/s)
[INFO] Downloading from central: https://repo.maven.apache.org/maven2/org/openrewrite/rewrite-json/8.32.0/rewrite-json-8.32.0.pom
[INFO] Downloaded from central: https://repo.maven.apache.org/maven2/org/openrewrite/rewrite-json/8.32.0/rewrite-json-8.32.0.pom (3.9 kB at 80 kB/s)
[INFO] Downloading from central: https://repo.maven.apache.org/maven2/org/openrewrite/rewrite-protobuf/8.32.0/rewrite-protobuf-8.32.0.pom
[INFO] Downloaded from central: https://repo.maven.apache.org/maven2/org/openrewrite/rewrite-protobuf/8.32.0/rewrite-protobuf-8.32.0.pom (3.9 kB at 247 kB/s)
[INFO] Downloading from central: https://repo.maven.apache.org/maven2/org/openrewrite/rewrite-groovy/8.32.0/rewrite-groovy-8.32.0.pom
[INFO] Downloaded from central: https://repo.maven.apache.org/maven2/org/openrewrite/rewrite-groovy/8.32.0/rewrite-groovy-8.32.0.pom (3.9 kB at 219 kB/s)
[INFO] Downloading from central: https://repo.maven.apache.org/maven2/org/codehaus/groovy/groovy/3.0.22/groovy-3.0.22.pom
[INFO] Downloaded from central: https://repo.maven.apache.org/maven2/org/codehaus/groovy/groovy/3.0.22/groovy-3.0.22.pom (24 kB at 1.1 MB/s)
[INFO] Downloading from central: https://repo.maven.apache.org/maven2/org/openrewrite/rewrite-kotlin/1.19.1/rewrite-kotlin-1.19.1.pom
[INFO] Downloaded from central: https://repo.maven.apache.org/maven2/org/openrewrite/rewrite-kotlin/1.19.1/rewrite-kotlin-1.19.1.pom (4.2 kB at 23 kB/s)
[INFO] Downloading from central: https://repo.maven.apache.org/maven2/org/jetbrains/kotlin/kotlin-bom/1.9.22/kotlin-bom-1.9.22.pom
[INFO] Downloaded from central: https://repo.maven.apache.org/maven2/org/jetbrains/kotlin/kotlin-bom/1.9.22/kotlin-bom-1.9.22.pom (9.1 kB at 198 kB/s)
[INFO] Downloading from central: https://repo.maven.apache.org/maven2/org/jetbrains/kotlin/kotlin-compiler-embeddable/1.9.24/kotlin-compiler-embeddable-1.9.24.pom
[INFO] Downloaded from central: https://repo.maven.apache.org/maven2/org/jetbrains/kotlin/kotlin-compiler-embeddable/1.9.24/kotlin-compiler-embeddable-1.9.24.pom (2.3 kB at 136 kB/s)
[INFO] Downloading from central: https://repo.maven.apache.org/maven2/org/jetbrains/kotlin/kotlin-stdlib/1.9.24/kotlin-stdlib-1.9.24.pom
[INFO] Downloaded from central: https://repo.maven.apache.org/maven2/org/jetbrains/kotlin/kotlin-stdlib/1.9.24/kotlin-stdlib-1.9.24.pom (2.8 kB at 167 kB/s)
[INFO] Downloading from central: https://repo.maven.apache.org/maven2/org/jetbrains/annotations/13.0/annotations-13.0.pom
[INFO] Downloaded from central: https://repo.maven.apache.org/maven2/org/jetbrains/annotations/13.0/annotations-13.0.pom (4.9 kB at 246 kB/s)
[INFO] Downloading from central: https://repo.maven.apache.org/maven2/org/jetbrains/kotlin/kotlin-script-runtime/1.9.24/kotlin-script-runtime-1.9.24.pom
[INFO] Downloaded from central: https://repo.maven.apache.org/maven2/org/jetbrains/kotlin/kotlin-script-runtime/1.9.24/kotlin-script-runtime-1.9.24.pom (1.2 kB at 64 kB/s)
[INFO] Downloading from central: https://repo.maven.apache.org/maven2/org/jetbrains/kotlin/kotlin-reflect/1.9.24/kotlin-reflect-1.9.24.pom
[INFO] Downloaded from central: https://repo.maven.apache.org/maven2/org/jetbrains/kotlin/kotlin-reflect/1.9.24/kotlin-reflect-1.9.24.pom (1.4 kB at 86 kB/s)
[INFO] Downloading from central: https://repo.maven.apache.org/maven2/org/jetbrains/kotlin/kotlin-daemon-embeddable/1.9.24/kotlin-daemon-embeddable-1.9.24.pom
[INFO] Downloaded from central: https://repo.maven.apache.org/maven2/org/jetbrains/kotlin/kotlin-daemon-embeddable/1.9.24/kotlin-daemon-embeddable-1.9.24.pom (1.2 kB at 63 kB/s)
[INFO] Downloading from central: https://repo.maven.apache.org/maven2/org/jetbrains/intellij/deps/trove4j/1.0.20200330/trove4j-1.0.20200330.pom
[INFO] Downloaded from central: https://repo.maven.apache.org/maven2/org/jetbrains/intellij/deps/trove4j/1.0.20200330/trove4j-1.0.20200330.pom (1.3 kB at 60 kB/s)
[INFO] Downloading from central: https://repo.maven.apache.org/maven2/com/puppycrawl/tools/checkstyle/9.3/checkstyle-9.3.pom
[INFO] Downloaded from central: https://repo.maven.apache.org/maven2/com/puppycrawl/tools/checkstyle/9.3/checkstyle-9.3.pom (142 kB at 2.6 MB/s)
[INFO] Downloading from central: https://repo.maven.apache.org/maven2/info/picocli/picocli/4.6.2/picocli-4.6.2.pom
[INFO] Downloaded from central: https://repo.maven.apache.org/maven2/info/picocli/picocli/4.6.2/picocli-4.6.2.pom (1.4 kB at 47 kB/s)
[INFO] Downloading from central: https://repo.maven.apache.org/maven2/commons-beanutils/commons-beanutils/1.9.4/commons-beanutils-1.9.4.pom
[INFO] Downloaded from central: https://repo.maven.apache.org/maven2/commons-beanutils/commons-beanutils/1.9.4/commons-beanutils-1.9.4.pom (18 kB at 720 kB/s)
[INFO] Downloading from central: https://repo.maven.apache.org/maven2/org/reflections/reflections/0.10.2/reflections-0.10.2.pom
[INFO] Downloaded from central: https://repo.maven.apache.org/maven2/org/reflections/reflections/0.10.2/reflections-0.10.2.pom (9.3 kB at 423 kB/s)
[INFO] Downloading from central: https://repo.maven.apache.org/maven2/org/javassist/javassist/3.28.0-GA/javassist-3.28.0-GA.pom
[INFO] Downloaded from central: https://repo.maven.apache.org/maven2/org/javassist/javassist/3.28.0-GA/javassist-3.28.0-GA.pom (11 kB at 318 kB/s)
[INFO] Downloading from central: https://repo.maven.apache.org/maven2/net/sf/saxon/Saxon-HE/10.6/Saxon-HE-10.6.pom
[INFO] Downloaded from central: https://repo.maven.apache.org/maven2/net/sf/saxon/Saxon-HE/10.6/Saxon-HE-10.6.pom (2.6 kB at 145 kB/s)
[INFO] Downloading from central: https://repo.maven.apache.org/maven2/org/codehaus/plexus/plexus-xml/4.0.4/plexus-xml-4.0.4.pom
[INFO] Downloaded from central: https://repo.maven.apache.org/maven2/org/codehaus/plexus/plexus-xml/4.0.4/plexus-xml-4.0.4.pom (4.0 kB at 269 kB/s)
[INFO] Downloading from central: https://repo.maven.apache.org/maven2/org/apache/maven/maven-xml-impl/4.0.0-alpha-9/maven-xml-impl-4.0.0-alpha-9.pom
[INFO] Downloaded from central: https://repo.maven.apache.org/maven2/org/apache/maven/maven-xml-impl/4.0.0-alpha-9/maven-xml-impl-4.0.0-alpha-9.pom (2.4 kB at 108 kB/s)
[INFO] Downloading from central: https://repo.maven.apache.org/maven2/org/apache/maven/maven/4.0.0-alpha-9/maven-4.0.0-alpha-9.pom
[INFO] Downloaded from central: https://repo.maven.apache.org/maven2/org/apache/maven/maven/4.0.0-alpha-9/maven-4.0.0-alpha-9.pom (29 kB at 1.1 MB/s)
[INFO] Downloading from central: https://repo.maven.apache.org/maven2/org/apache/maven/maven-bom/4.0.0-alpha-9/maven-bom-4.0.0-alpha-9.pom
[INFO] Downloaded from central: https://repo.maven.apache.org/maven2/org/apache/maven/maven-bom/4.0.0-alpha-9/maven-bom-4.0.0-alpha-9.pom (7.6 kB at 329 kB/s)
[INFO] Downloading from central: https://repo.maven.apache.org/maven2/org/mockito/mockito-bom/5.7.0/mockito-bom-5.7.0.pom
[INFO] Downloaded from central: https://repo.maven.apache.org/maven2/org/mockito/mockito-bom/5.7.0/mockito-bom-5.7.0.pom (3.0 kB at 174 kB/s)
[INFO] Downloading from central: https://repo.maven.apache.org/maven2/org/apache/maven/maven-api-xml/4.0.0-alpha-9/maven-api-xml-4.0.0-alpha-9.pom
[INFO] Downloaded from central: https://repo.maven.apache.org/maven2/org/apache/maven/maven-api-xml/4.0.0-alpha-9/maven-api-xml-4.0.0-alpha-9.pom (1.6 kB at 86 kB/s)
[INFO] Downloading from central: https://repo.maven.apache.org/maven2/org/apache/maven/maven-api/4.0.0-alpha-9/maven-api-4.0.0-alpha-9.pom
[INFO] Downloaded from central: https://repo.maven.apache.org/maven2/org/apache/maven/maven-api/4.0.0-alpha-9/maven-api-4.0.0-alpha-9.pom (3.7 kB at 229 kB/s)
[INFO] Downloading from central: https://repo.maven.apache.org/maven2/org/apache/maven/maven-api-meta/4.0.0-alpha-9/maven-api-meta-4.0.0-alpha-9.pom
[INFO] Downloaded from central: https://repo.maven.apache.org/maven2/org/apache/maven/maven-api-meta/4.0.0-alpha-9/maven-api-meta-4.0.0-alpha-9.pom (1.4 kB at 86 kB/s)
[INFO] Downloading from central: https://repo.maven.apache.org/maven2/com/fasterxml/jackson/module/jackson-module-kotlin/2.16.2/jackson-module-kotlin-2.16.2.pom
[INFO] Downloaded from central: https://repo.maven.apache.org/maven2/com/fasterxml/jackson/module/jackson-module-kotlin/2.16.2/jackson-module-kotlin-2.16.2.pom (11 kB at 498 kB/s)
[INFO] Downloading from central: https://repo.maven.apache.org/maven2/io/micrometer/prometheus/prometheus-rsocket-client/1.5.3/prometheus-rsocket-client-1.5.3.pom
[INFO] Downloaded from central: https://repo.maven.apache.org/maven2/io/micrometer/prometheus/prometheus-rsocket-client/1.5.3/prometheus-rsocket-client-1.5.3.pom (3.5 kB at 205 kB/s)
[INFO] Downloading from central: https://repo.maven.apache.org/maven2/io/rsocket/rsocket-core/1.1.4/rsocket-core-1.1.4.pom
[INFO] Downloaded from central: https://repo.maven.apache.org/maven2/io/rsocket/rsocket-core/1.1.4/rsocket-core-1.1.4.pom (1.9 kB at 117 kB/s)
[INFO] Downloading from central: https://repo.maven.apache.org/maven2/io/netty/netty-buffer/4.1.112.Final/netty-buffer-4.1.112.Final.pom
[INFO] Downloaded from central: https://repo.maven.apache.org/maven2/io/netty/netty-buffer/4.1.112.Final/netty-buffer-4.1.112.Final.pom (1.6 kB at 75 kB/s)
[INFO] Downloading from central: https://repo.maven.apache.org/maven2/io/netty/netty-parent/4.1.112.Final/netty-parent-4.1.112.Final.pom
[INFO] Downloaded from central: https://repo.maven.apache.org/maven2/io/netty/netty-parent/4.1.112.Final/netty-parent-4.1.112.Final.pom (90 kB at 1.6 MB/s)
[INFO] Downloading from central: https://repo.maven.apache.org/maven2/io/netty/netty-common/4.1.112.Final/netty-common-4.1.112.Final.pom
[INFO] Downloaded from central: https://repo.maven.apache.org/maven2/io/netty/netty-common/4.1.112.Final/netty-common-4.1.112.Final.pom (12 kB at 181 kB/s)
[INFO] Downloading from central: https://repo.maven.apache.org/maven2/io/projectreactor/reactor-core/3.4.29/reactor-core-3.4.29.pom
[INFO] Downloaded from central: https://repo.maven.apache.org/maven2/io/projectreactor/reactor-core/3.4.29/reactor-core-3.4.29.pom (2.1 kB at 42 kB/s)
[INFO] Downloading from central: https://repo.maven.apache.org/maven2/org/reactivestreams/reactive-streams/1.0.4/reactive-streams-1.0.4.pom
[INFO] Downloaded from central: https://repo.maven.apache.org/maven2/org/reactivestreams/reactive-streams/1.0.4/reactive-streams-1.0.4.pom (1.1 kB at 57 kB/s)
[INFO] Downloading from central: https://repo.maven.apache.org/maven2/io/micrometer/micrometer-registry-prometheus/1.9.16/micrometer-registry-prometheus-1.9.16.pom
[INFO] Downloaded from central: https://repo.maven.apache.org/maven2/io/micrometer/micrometer-registry-prometheus/1.9.16/micrometer-registry-prometheus-1.9.16.pom (3.4 kB at 180 kB/s)
[INFO] Downloading from central: https://repo.maven.apache.org/maven2/io/micrometer/micrometer-core/1.9.16/micrometer-core-1.9.16.pom
[INFO] Downloaded from central: https://repo.maven.apache.org/maven2/io/micrometer/micrometer-core/1.9.16/micrometer-core-1.9.16.pom (8.5 kB at 370 kB/s)
[INFO] Downloading from central: https://repo.maven.apache.org/maven2/io/prometheus/simpleclient_common/0.15.0/simpleclient_common-0.15.0.pom
[INFO] Downloaded from central: https://repo.maven.apache.org/maven2/io/prometheus/simpleclient_common/0.15.0/simpleclient_common-0.15.0.pom (1.6 kB at 69 kB/s)
[INFO] Downloading from central: https://repo.maven.apache.org/maven2/io/prometheus/simpleclient/0.15.0/simpleclient-0.15.0.pom
[INFO] Downloaded from central: https://repo.maven.apache.org/maven2/io/prometheus/simpleclient/0.15.0/simpleclient-0.15.0.pom (2.2 kB at 88 kB/s)
[INFO] Downloading from central: https://repo.maven.apache.org/maven2/io/prometheus/simpleclient_tracer_otel/0.15.0/simpleclient_tracer_otel-0.15.0.pom
[INFO] Downloaded from central: https://repo.maven.apache.org/maven2/io/prometheus/simpleclient_tracer_otel/0.15.0/simpleclient_tracer_otel-0.15.0.pom (1.5 kB at 53 kB/s)
[INFO] Downloading from central: https://repo.maven.apache.org/maven2/io/prometheus/simpleclient_tracer/0.15.0/simpleclient_tracer-0.15.0.pom
[INFO] Downloaded from central: https://repo.maven.apache.org/maven2/io/prometheus/simpleclient_tracer/0.15.0/simpleclient_tracer-0.15.0.pom (1.2 kB at 67 kB/s)
[INFO] Downloading from central: https://repo.maven.apache.org/maven2/io/prometheus/simpleclient_tracer_common/0.15.0/simpleclient_tracer_common-0.15.0.pom
[INFO] Downloaded from central: https://repo.maven.apache.org/maven2/io/prometheus/simpleclient_tracer_common/0.15.0/simpleclient_tracer_common-0.15.0.pom (839 B at 44 kB/s)
[INFO] Downloading from central: https://repo.maven.apache.org/maven2/io/prometheus/simpleclient_tracer_otel_agent/0.15.0/simpleclient_tracer_otel_agent-0.15.0.pom
[INFO] Downloaded from central: https://repo.maven.apache.org/maven2/io/prometheus/simpleclient_tracer_otel_agent/0.15.0/simpleclient_tracer_otel_agent-0.15.0.pom (2.3 kB at 102 kB/s)
[INFO] Downloading from central: https://repo.maven.apache.org/maven2/org/xerial/snappy/snappy-java/1.1.10.1/snappy-java-1.1.10.1.pom
[INFO] Downloaded from central: https://repo.maven.apache.org/maven2/org/xerial/snappy/snappy-java/1.1.10.1/snappy-java-1.1.10.1.pom (3.1 kB at 93 kB/s)
[INFO] Downloading from central: https://repo.maven.apache.org/maven2/io/micrometer/micrometer-core/1.12.5/micrometer-core-1.12.5.pom
[INFO] Downloaded from central: https://repo.maven.apache.org/maven2/io/micrometer/micrometer-core/1.12.5/micrometer-core-1.12.5.pom (10 kB at 255 kB/s)
[INFO] Downloading from central: https://repo.maven.apache.org/maven2/io/micrometer/micrometer-commons/1.12.5/micrometer-commons-1.12.5.pom
[INFO] Downloaded from central: https://repo.maven.apache.org/maven2/io/micrometer/micrometer-commons/1.12.5/micrometer-commons-1.12.5.pom (3.4 kB at 179 kB/s)
[INFO] Downloading from central: https://repo.maven.apache.org/maven2/io/micrometer/micrometer-observation/1.12.5/micrometer-observation-1.12.5.pom
[INFO] Downloaded from central: https://repo.maven.apache.org/maven2/io/micrometer/micrometer-observation/1.12.5/micrometer-observation-1.12.5.pom (3.8 kB at 192 kB/s)
[INFO] Downloading from central: https://repo.maven.apache.org/maven2/io/rsocket/rsocket-transport-netty/1.1.4/rsocket-transport-netty-1.1.4.pom
[INFO] Downloaded from central: https://repo.maven.apache.org/maven2/io/rsocket/rsocket-transport-netty/1.1.4/rsocket-transport-netty-1.1.4.pom (2.1 kB at 118 kB/s)
[INFO] Downloading from central: https://repo.maven.apache.org/maven2/io/projectreactor/netty/reactor-netty-core/1.0.32/reactor-netty-core-1.0.32.pom
[INFO] Downloaded from central: https://repo.maven.apache.org/maven2/io/projectreactor/netty/reactor-netty-core/1.0.32/reactor-netty-core-1.0.32.pom (3.9 kB at 178 kB/s)
[INFO] Downloading from central: https://repo.maven.apache.org/maven2/io/netty/netty-handler/4.1.112.Final/netty-handler-4.1.112.Final.pom
[INFO] Downloaded from central: https://repo.maven.apache.org/maven2/io/netty/netty-handler/4.1.112.Final/netty-handler-4.1.112.Final.pom (4.6 kB at 201 kB/s)
[INFO] Downloading from central: https://repo.maven.apache.org/maven2/io/netty/netty-resolver/4.1.112.Final/netty-resolver-4.1.112.Final.pom
[INFO] Downloaded from central: https://repo.maven.apache.org/maven2/io/netty/netty-resolver/4.1.112.Final/netty-resolver-4.1.112.Final.pom (1.6 kB at 79 kB/s)
[INFO] Downloading from central: https://repo.maven.apache.org/maven2/io/netty/netty-transport/4.1.112.Final/netty-transport-4.1.112.Final.pom
[INFO] Downloaded from central: https://repo.maven.apache.org/maven2/io/netty/netty-transport/4.1.112.Final/netty-transport-4.1.112.Final.pom (2.2 kB at 155 kB/s)
[INFO] Downloading from central: https://repo.maven.apache.org/maven2/io/netty/netty-transport-native-unix-common/4.1.112.Final/netty-transport-native-unix-common-4.1.112.Final.pom
[INFO] Downloaded from central: https://repo.maven.apache.org/maven2/io/netty/netty-transport-native-unix-common/4.1.112.Final/netty-transport-native-unix-common-4.1.112.Final.pom (33 kB at 1.0 MB/s)
[INFO] Downloading from central: https://repo.maven.apache.org/maven2/io/netty/netty-codec/4.1.112.Final/netty-codec-4.1.112.Final.pom
[INFO] Downloaded from central: https://repo.maven.apache.org/maven2/io/netty/netty-codec/4.1.112.Final/netty-codec-4.1.112.Final.pom (5.5 kB at 203 kB/s)
[INFO] Downloading from central: https://repo.maven.apache.org/maven2/io/netty/netty-handler-proxy/4.1.112.Final/netty-handler-proxy-4.1.112.Final.pom
[INFO] Downloaded from central: https://repo.maven.apache.org/maven2/io/netty/netty-handler-proxy/4.1.112.Final/netty-handler-proxy-4.1.112.Final.pom (3.6 kB at 209 kB/s)
[INFO] Downloading from central: https://repo.maven.apache.org/maven2/io/netty/netty-codec-socks/4.1.112.Final/netty-codec-socks-4.1.112.Final.pom
[INFO] Downloaded from central: https://repo.maven.apache.org/maven2/io/netty/netty-codec-socks/4.1.112.Final/netty-codec-socks-4.1.112.Final.pom (2.5 kB at 141 kB/s)
[INFO] Downloading from central: https://repo.maven.apache.org/maven2/io/netty/netty-codec-http/4.1.112.Final/netty-codec-http-4.1.112.Final.pom
[INFO] Downloaded from central: https://repo.maven.apache.org/maven2/io/netty/netty-codec-http/4.1.112.Final/netty-codec-http-4.1.112.Final.pom (4.4 kB at 273 kB/s)
[INFO] Downloading from central: https://repo.maven.apache.org/maven2/io/netty/netty-resolver-dns/4.1.112.Final/netty-resolver-dns-4.1.112.Final.pom
[INFO] Downloaded from central: https://repo.maven.apache.org/maven2/io/netty/netty-resolver-dns/4.1.112.Final/netty-resolver-dns-4.1.112.Final.pom (3.7 kB at 177 kB/s)
[INFO] Downloading from central: https://repo.maven.apache.org/maven2/io/netty/netty-codec-dns/4.1.112.Final/netty-codec-dns-4.1.112.Final.pom
[INFO] Downloaded from central: https://repo.maven.apache.org/maven2/io/netty/netty-codec-dns/4.1.112.Final/netty-codec-dns-4.1.112.Final.pom (2.7 kB at 93 kB/s)
[INFO] Downloading from central: https://repo.maven.apache.org/maven2/io/netty/netty-resolver-dns-native-macos/4.1.112.Final/netty-resolver-dns-native-macos-4.1.112.Final.pom
[INFO] Downloaded from central: https://repo.maven.apache.org/maven2/io/netty/netty-resolver-dns-native-macos/4.1.112.Final/netty-resolver-dns-native-macos-4.1.112.Final.pom (18 kB at 511 kB/s)
[INFO] Downloading from central: https://repo.maven.apache.org/maven2/io/netty/netty-resolver-dns-classes-macos/4.1.112.Final/netty-resolver-dns-classes-macos-4.1.112.Final.pom
[INFO] Downloaded from central: https://repo.maven.apache.org/maven2/io/netty/netty-resolver-dns-classes-macos/4.1.112.Final/netty-resolver-dns-classes-macos-4.1.112.Final.pom (2.0 kB at 99 kB/s)
[INFO] Downloading from central: https://repo.maven.apache.org/maven2/io/netty/netty-transport-native-epoll/4.1.112.Final/netty-transport-native-epoll-4.1.112.Final.pom
[INFO] Downloaded from central: https://repo.maven.apache.org/maven2/io/netty/netty-transport-native-epoll/4.1.112.Final/netty-transport-native-epoll-4.1.112.Final.pom (27 kB at 1.3 MB/s)
[INFO] Downloading from central: https://repo.maven.apache.org/maven2/io/netty/netty-transport-classes-epoll/4.1.112.Final/netty-transport-classes-epoll-4.1.112.Final.pom
[INFO] Downloaded from central: https://repo.maven.apache.org/maven2/io/netty/netty-transport-classes-epoll/4.1.112.Final/netty-transport-classes-epoll-4.1.112.Final.pom (2.1 kB at 133 kB/s)
[INFO] Downloading from central: https://repo.maven.apache.org/maven2/io/projectreactor/netty/reactor-netty-http/1.0.32/reactor-netty-http-1.0.32.pom
[INFO] Downloaded from central: https://repo.maven.apache.org/maven2/io/projectreactor/netty/reactor-netty-http/1.0.32/reactor-netty-http-1.0.32.pom (4.3 kB at 238 kB/s)
[INFO] Downloading from central: https://repo.maven.apache.org/maven2/io/netty/netty-codec-http2/4.1.112.Final/netty-codec-http2-4.1.112.Final.pom
[INFO] Downloaded from central: https://repo.maven.apache.org/maven2/io/netty/netty-codec-http2/4.1.112.Final/netty-codec-http2-4.1.112.Final.pom (5.2 kB at 246 kB/s)
[INFO] Downloading from central: https://repo.maven.apache.org/maven2/org/rocksdb/rocksdbjni/8.8.1/rocksdbjni-8.8.1.pom
[INFO] Downloaded from central: https://repo.maven.apache.org/maven2/org/rocksdb/rocksdbjni/8.8.1/rocksdbjni-8.8.1.pom (9.3 kB at 464 kB/s)
[INFO] Downloading from central: https://repo.maven.apache.org/maven2/org/apache/maven/shared/maven-filtering/3.3.2/maven-filtering-3.3.2.pom
[INFO] Downloaded from central: https://repo.maven.apache.org/maven2/org/apache/maven/shared/maven-filtering/3.3.2/maven-filtering-3.3.2.pom (31 kB at 1.0 MB/s)
[INFO] Downloading from central: https://repo.maven.apache.org/maven2/org/codehaus/plexus/plexus-interpolation/1.27/plexus-interpolation-1.27.pom
[INFO] Downloaded from central: https://repo.maven.apache.org/maven2/org/codehaus/plexus/plexus-interpolation/1.27/plexus-interpolation-1.27.pom (3.0 kB at 178 kB/s)
[INFO] Downloading from central: https://repo.maven.apache.org/maven2/org/openrewrite/rewrite-java/8.32.0/rewrite-java-8.32.0.jar
[INFO] Downloaded from central: https://repo.maven.apache.org/maven2/org/openrewrite/rewrite-java/8.32.0/rewrite-java-8.32.0.jar (1.7 MB at 2.6 MB/s)
[INFO] Downloading from central: https://repo.maven.apache.org/maven2/org/openrewrite/rewrite-core/8.32.0/rewrite-core-8.32.0.jar
[INFO] Downloading from central: https://repo.maven.apache.org/maven2/org/openrewrite/tools/jgit/1.2.0/jgit-1.2.0.jar
[INFO] Downloading from central: https://repo.maven.apache.org/maven2/com/fasterxml/jackson/core/jackson-core/2.16.2/jackson-core-2.16.2.jar
[INFO] Downloading from central: https://repo.maven.apache.org/maven2/com/fasterxml/jackson/module/jackson-module-parameter-names/2.16.2/jackson-module-parameter-names-2.16.2.jar
[INFO] Downloading from central: https://repo.maven.apache.org/maven2/com/fasterxml/jackson/datatype/jackson-datatype-jsr310/2.16.2/jackson-datatype-jsr310-2.16.2.jar
[INFO] Downloaded from central: https://repo.maven.apache.org/maven2/com/fasterxml/jackson/module/jackson-module-parameter-names/2.16.2/jackson-module-parameter-names-2.16.2.jar (10 kB at 44 kB/s)
[INFO] Downloading from central: https://repo.maven.apache.org/maven2/org/openrewrite/tools/java-object-diff/1.0.1/java-object-diff-1.0.1.jar
[INFO] Downloaded from central: https://repo.maven.apache.org/maven2/org/openrewrite/rewrite-core/8.32.0/rewrite-core-8.32.0.jar (643 kB at 1.9 MB/s)
[INFO] Downloading from central: https://repo.maven.apache.org/maven2/io/quarkus/gizmo/gizmo/1.0.11.Final/gizmo-1.0.11.Final.jar
[INFO] Downloaded from central: https://repo.maven.apache.org/maven2/com/fasterxml/jackson/datatype/jackson-datatype-jsr310/2.16.2/jackson-datatype-jsr310-2.16.2.jar (128 kB at 310 kB/s)
[INFO] Downloading from central: https://repo.maven.apache.org/maven2/net/java/dev/jna/jna-platform/5.14.0/jna-platform-5.14.0.jar
[INFO] Downloaded from central: https://repo.maven.apache.org/maven2/io/quarkus/gizmo/gizmo/1.0.11.Final/gizmo-1.0.11.Final.jar (101 kB at 196 kB/s)
[INFO] Downloading from central: https://repo.maven.apache.org/maven2/net/java/dev/jna/jna/5.14.0/jna-5.14.0.jar
[INFO] Downloaded from central: https://repo.maven.apache.org/maven2/org/openrewrite/tools/java-object-diff/1.0.1/java-object-diff-1.0.1.jar (164 kB at 267 kB/s)
[INFO] Downloading from central: https://repo.maven.apache.org/maven2/org/apache/commons/commons-compress/1.26.2/commons-compress-1.26.2.jar
[INFO] Downloaded from central: https://repo.maven.apache.org/maven2/com/fasterxml/jackson/core/jackson-core/2.16.2/jackson-core-2.16.2.jar (583 kB at 894 kB/s)
[INFO] Downloading from central: https://repo.maven.apache.org/maven2/commons-codec/commons-codec/1.17.0/commons-codec-1.17.0.jar
[INFO] Downloaded from central: https://repo.maven.apache.org/maven2/commons-codec/commons-codec/1.17.0/commons-codec-1.17.0.jar (373 kB at 328 kB/s)
[INFO] Downloading from central: https://repo.maven.apache.org/maven2/org/jetbrains/annotations/24.1.0/annotations-24.1.0.jar
[INFO] Downloaded from central: https://repo.maven.apache.org/maven2/org/jetbrains/annotations/24.1.0/annotations-24.1.0.jar (31 kB at 20 kB/s)
[INFO] Downloading from central: https://repo.maven.apache.org/maven2/com/fasterxml/jackson/core/jackson-annotations/2.16.2/jackson-annotations-2.16.2.jar
[INFO] Downloaded from central: https://repo.maven.apache.org/maven2/org/openrewrite/tools/jgit/1.2.0/jgit-1.2.0.jar (2.8 MB at 1.8 MB/s)
[INFO] Downloading from central: https://repo.maven.apache.org/maven2/org/antlr/antlr4-runtime/4.11.1/antlr4-runtime-4.11.1.jar
[INFO] Downloaded from central: https://repo.maven.apache.org/maven2/com/fasterxml/jackson/core/jackson-annotations/2.16.2/jackson-annotations-2.16.2.jar (78 kB at 44 kB/s)
[INFO] Downloading from central: https://repo.maven.apache.org/maven2/org/apache/commons/commons-lang3/3.15.0/commons-lang3-3.15.0.jar
[INFO] Downloaded from central: https://repo.maven.apache.org/maven2/org/antlr/antlr4-runtime/4.11.1/antlr4-runtime-4.11.1.jar (324 kB at 164 kB/s)
[INFO] Downloading from central: https://repo.maven.apache.org/maven2/io/github/classgraph/classgraph/4.8.174/classgraph-4.8.174.jar
[INFO] Downloaded from central: https://repo.maven.apache.org/maven2/org/apache/commons/commons-compress/1.26.2/commons-compress-1.26.2.jar (1.1 MB at 542 kB/s)
[INFO] Downloaded from central: https://repo.maven.apache.org/maven2/net/java/dev/jna/jna-platform/5.14.0/jna-platform-5.14.0.jar (1.4 MB at 684 kB/s)
[INFO] Downloading from central: https://repo.maven.apache.org/maven2/org/xerial/snappy/snappy-java/1.1.10.5/snappy-java-1.1.10.5.jar
[INFO] Downloading from central: https://repo.maven.apache.org/maven2/io/github/fastfilter/fastfilter/1.0.2/fastfilter-1.0.2.jar
[INFO] Downloaded from central: https://repo.maven.apache.org/maven2/org/apache/commons/commons-lang3/3.15.0/commons-lang3-3.15.0.jar (670 kB at 293 kB/s)
[INFO] Downloading from central: https://repo.maven.apache.org/maven2/org/ow2/asm/asm-util/9.7/asm-util-9.7.jar
[INFO] Downloaded from central: https://repo.maven.apache.org/maven2/io/github/classgraph/classgraph/4.8.174/classgraph-4.8.174.jar (574 kB at 239 kB/s)
[INFO] Downloading from central: https://repo.maven.apache.org/maven2/org/ow2/asm/asm-tree/9.7/asm-tree-9.7.jar
[INFO] Downloaded from central: https://repo.maven.apache.org/maven2/io/github/fastfilter/fastfilter/1.0.2/fastfilter-1.0.2.jar (85 kB at 34 kB/s)
[INFO] Downloading from central: https://repo.maven.apache.org/maven2/org/ow2/asm/asm-analysis/9.7/asm-analysis-9.7.jar
[INFO] Downloaded from central: https://repo.maven.apache.org/maven2/org/ow2/asm/asm-util/9.7/asm-util-9.7.jar (94 kB at 36 kB/s)
[INFO] Downloading from central: https://repo.maven.apache.org/maven2/org/openrewrite/rewrite-java-8/8.32.0/rewrite-java-8-8.32.0.jar
[INFO] Downloaded from central: https://repo.maven.apache.org/maven2/org/ow2/asm/asm-tree/9.7/asm-tree-9.7.jar (52 kB at 20 kB/s)
[INFO] Downloading from central: https://repo.maven.apache.org/maven2/org/openrewrite/rewrite-java-11/8.32.0/rewrite-java-11-8.32.0.jar
[INFO] Downloaded from central: https://repo.maven.apache.org/maven2/org/ow2/asm/asm-analysis/9.7/asm-analysis-9.7.jar (35 kB at 13 kB/s)
[INFO] Downloading from central: https://repo.maven.apache.org/maven2/org/openrewrite/rewrite-java-17/8.32.0/rewrite-java-17-8.32.0.jar
[INFO] Downloaded from central: https://repo.maven.apache.org/maven2/org/openrewrite/rewrite-java-11/8.32.0/rewrite-java-11-8.32.0.jar (107 kB at 32 kB/s)
[INFO] Downloading from central: https://repo.maven.apache.org/maven2/org/openrewrite/rewrite-xml/8.32.0/rewrite-xml-8.32.0.jar
[INFO] Downloaded from central: https://repo.maven.apache.org/maven2/org/openrewrite/rewrite-java-8/8.32.0/rewrite-java-8-8.32.0.jar (105 kB at 32 kB/s)
[INFO] Downloading from central: https://repo.maven.apache.org/maven2/org/openrewrite/rewrite-maven/8.32.0/rewrite-maven-8.32.0.jar
[INFO] Downloaded from central: https://repo.maven.apache.org/maven2/org/openrewrite/rewrite-java-17/8.32.0/rewrite-java-17-8.32.0.jar (109 kB at 33 kB/s)
[INFO] Downloading from central: https://repo.maven.apache.org/maven2/com/github/ben-manes/caffeine/caffeine/2.9.3/caffeine-2.9.3.jar
[INFO] Downloaded from central: https://repo.maven.apache.org/maven2/org/xerial/snappy/snappy-java/1.1.10.5/snappy-java-1.1.10.5.jar (2.3 MB at 657 kB/s)
[INFO] Downloading from central: https://repo.maven.apache.org/maven2/org/checkerframework/checker-qual/3.19.0/checker-qual-3.19.0.jar
[INFO] Downloaded from central: https://repo.maven.apache.org/maven2/org/openrewrite/rewrite-maven/8.32.0/rewrite-maven-8.32.0.jar (777 kB at 207 kB/s)
[INFO] Downloading from central: https://repo.maven.apache.org/maven2/com/google/errorprone/error_prone_annotations/2.10.0/error_prone_annotations-2.10.0.jar
[INFO] Downloaded from central: https://repo.maven.apache.org/maven2/net/java/dev/jna/jna/5.14.0/jna-5.14.0.jar (1.9 MB at 499 kB/s)
[INFO] Downloading from central: https://repo.maven.apache.org/maven2/dev/failsafe/failsafe/3.3.2/failsafe-3.3.2.jar
[INFO] Downloaded from central: https://repo.maven.apache.org/maven2/org/checkerframework/checker-qual/3.19.0/checker-qual-3.19.0.jar (222 kB at 59 kB/s)
[INFO] Downloading from central: https://repo.maven.apache.org/maven2/com/fasterxml/jackson/dataformat/jackson-dataformat-xml/2.16.2/jackson-dataformat-xml-2.16.2.jar
[INFO] Downloaded from central: https://repo.maven.apache.org/maven2/org/openrewrite/rewrite-xml/8.32.0/rewrite-xml-8.32.0.jar (275 kB at 70 kB/s)
[INFO] Downloading from central: https://repo.maven.apache.org/maven2/org/codehaus/woodstox/stax2-api/4.2.1/stax2-api-4.2.1.jar
[INFO] Downloaded from central: https://repo.maven.apache.org/maven2/com/google/errorprone/error_prone_annotations/2.10.0/error_prone_annotations-2.10.0.jar (16 kB at 4.1 kB/s)
[INFO] Downloading from central: https://repo.maven.apache.org/maven2/com/fasterxml/woodstox/woodstox-core/6.5.1/woodstox-core-6.5.1.jar
[INFO] Downloaded from central: https://repo.maven.apache.org/maven2/com/github/ben-manes/caffeine/caffeine/2.9.3/caffeine-2.9.3.jar (912 kB at 230 kB/s)
[INFO] Downloading from central: https://repo.maven.apache.org/maven2/com/fasterxml/jackson/dataformat/jackson-dataformat-smile/2.16.2/jackson-dataformat-smile-2.16.2.jar
[INFO] Downloaded from central: https://repo.maven.apache.org/maven2/com/fasterxml/jackson/dataformat/jackson-dataformat-xml/2.16.2/jackson-dataformat-xml-2.16.2.jar (127 kB at 32 kB/s)
[INFO] Downloading from central: https://repo.maven.apache.org/maven2/com/fasterxml/jackson/module/jackson-module-jaxb-annotations/2.16.2/jackson-module-jaxb-annotations-2.16.2.jar
[INFO] Downloaded from central: https://repo.maven.apache.org/maven2/dev/failsafe/failsafe/3.3.2/failsafe-3.3.2.jar (144 kB at 36 kB/s)
[INFO] Downloading from central: https://repo.maven.apache.org/maven2/jakarta/activation/jakarta.activation-api/1.2.2/jakarta.activation-api-1.2.2.jar
[INFO] Downloaded from central: https://repo.maven.apache.org/maven2/org/codehaus/woodstox/stax2-api/4.2.1/stax2-api-4.2.1.jar (196 kB at 47 kB/s)
[INFO] Downloading from central: https://repo.maven.apache.org/maven2/com/fasterxml/jackson/datatype/jackson-datatype-jdk8/2.16.2/jackson-datatype-jdk8-2.16.2.jar
[INFO] Downloaded from central: https://repo.maven.apache.org/maven2/com/fasterxml/jackson/dataformat/jackson-dataformat-smile/2.16.2/jackson-dataformat-smile-2.16.2.jar (96 kB at 23 kB/s)
[INFO] Downloaded from central: https://repo.maven.apache.org/maven2/com/fasterxml/jackson/module/jackson-module-jaxb-annotations/2.16.2/jackson-module-jaxb-annotations-2.16.2.jar (37 kB at 8.8 kB/s)
[INFO] Downloading from central: https://repo.maven.apache.org/maven2/org/openrewrite/rewrite-hcl/8.32.0/rewrite-hcl-8.32.0.jar
[INFO] Downloading from central: https://repo.maven.apache.org/maven2/org/openrewrite/rewrite-json/8.32.0/rewrite-json-8.32.0.jar
[INFO] Downloaded from central: https://repo.maven.apache.org/maven2/jakarta/activation/jakarta.activation-api/1.2.2/jakarta.activation-api-1.2.2.jar (47 kB at 11 kB/s)
[INFO] Downloading from central: https://repo.maven.apache.org/maven2/org/openrewrite/rewrite-properties/8.32.0/rewrite-properties-8.32.0.jar
[INFO] Downloaded from central: https://repo.maven.apache.org/maven2/com/fasterxml/jackson/datatype/jackson-datatype-jdk8/2.16.2/jackson-datatype-jdk8-2.16.2.jar (36 kB at 8.3 kB/s)
[INFO] Downloading from central: https://repo.maven.apache.org/maven2/org/openrewrite/rewrite-protobuf/8.32.0/rewrite-protobuf-8.32.0.jar
[INFO] Downloaded from central: https://repo.maven.apache.org/maven2/com/fasterxml/woodstox/woodstox-core/6.5.1/woodstox-core-6.5.1.jar (1.6 MB at 359 kB/s)
[INFO] Downloading from central: https://repo.maven.apache.org/maven2/org/openrewrite/rewrite-yaml/8.32.0/rewrite-yaml-8.32.0.jar
[INFO] Downloaded from central: https://repo.maven.apache.org/maven2/org/openrewrite/rewrite-json/8.32.0/rewrite-json-8.32.0.jar (159 kB at 35 kB/s)
[INFO] Downloading from central: https://repo.maven.apache.org/maven2/org/yaml/snakeyaml/2.2/snakeyaml-2.2.jar
[INFO] Downloaded from central: https://repo.maven.apache.org/maven2/org/openrewrite/rewrite-properties/8.32.0/rewrite-properties-8.32.0.jar (64 kB at 14 kB/s)
[INFO] Downloading from central: https://repo.maven.apache.org/maven2/org/openrewrite/rewrite-groovy/8.32.0/rewrite-groovy-8.32.0.jar
[INFO] Downloaded from central: https://repo.maven.apache.org/maven2/org/openrewrite/rewrite-hcl/8.32.0/rewrite-hcl-8.32.0.jar (410 kB at 90 kB/s)
[INFO] Downloading from central: https://repo.maven.apache.org/maven2/org/codehaus/groovy/groovy/3.0.22/groovy-3.0.22.jar
[INFO] Downloaded from central: https://repo.maven.apache.org/maven2/org/openrewrite/rewrite-protobuf/8.32.0/rewrite-protobuf-8.32.0.jar (228 kB at 50 kB/s)
[INFO] Downloading from central: https://repo.maven.apache.org/maven2/org/openrewrite/rewrite-kotlin/1.19.1/rewrite-kotlin-1.19.1.jar
[INFO] Downloaded from central: https://repo.maven.apache.org/maven2/org/openrewrite/rewrite-yaml/8.32.0/rewrite-yaml-8.32.0.jar (250 kB at 54 kB/s)
[INFO] Downloading from central: https://repo.maven.apache.org/maven2/org/jetbrains/kotlin/kotlin-compiler-embeddable/1.9.24/kotlin-compiler-embeddable-1.9.24.jar
[INFO] Downloaded from central: https://repo.maven.apache.org/maven2/org/yaml/snakeyaml/2.2/snakeyaml-2.2.jar (334 kB at 70 kB/s)
[INFO] Downloading from central: https://repo.maven.apache.org/maven2/org/jetbrains/kotlin/kotlin-script-runtime/1.9.24/kotlin-script-runtime-1.9.24.jar
[INFO] Downloaded from central: https://repo.maven.apache.org/maven2/org/openrewrite/rewrite-groovy/8.32.0/rewrite-groovy-8.32.0.jar (187 kB at 39 kB/s)
[INFO] Downloading from central: https://repo.maven.apache.org/maven2/org/jetbrains/kotlin/kotlin-daemon-embeddable/1.9.24/kotlin-daemon-embeddable-1.9.24.jar
[INFO] Downloaded from central: https://repo.maven.apache.org/maven2/org/jetbrains/kotlin/kotlin-script-runtime/1.9.24/kotlin-script-runtime-1.9.24.jar (43 kB at 8.5 kB/s)
[INFO] Downloading from central: https://repo.maven.apache.org/maven2/org/jetbrains/intellij/deps/trove4j/1.0.20200330/trove4j-1.0.20200330.jar
[INFO] Downloaded from central: https://repo.maven.apache.org/maven2/org/jetbrains/kotlin/kotlin-daemon-embeddable/1.9.24/kotlin-daemon-embeddable-1.9.24.jar (399 kB at 64 kB/s)
[INFO] Downloading from central: https://repo.maven.apache.org/maven2/org/jetbrains/kotlin/kotlin-stdlib/1.9.24/kotlin-stdlib-1.9.24.jar
[INFO] Downloaded from central: https://repo.maven.apache.org/maven2/org/jetbrains/intellij/deps/trove4j/1.0.20200330/trove4j-1.0.20200330.jar (573 kB at 89 kB/s)
[INFO] Downloading from central: https://repo.maven.apache.org/maven2/com/puppycrawl/tools/checkstyle/9.3/checkstyle-9.3.jar
[INFO] Downloaded from central: https://repo.maven.apache.org/maven2/org/openrewrite/rewrite-kotlin/1.19.1/rewrite-kotlin-1.19.1.jar (755 kB at 96 kB/s)
[INFO] Downloading from central: https://repo.maven.apache.org/maven2/info/picocli/picocli/4.6.2/picocli-4.6.2.jar
[INFO] Downloaded from central: https://repo.maven.apache.org/maven2/info/picocli/picocli/4.6.2/picocli-4.6.2.jar (403 kB at 46 kB/s)
[INFO] Downloading from central: https://repo.maven.apache.org/maven2/commons-beanutils/commons-beanutils/1.9.4/commons-beanutils-1.9.4.jar
[INFO] Downloaded from central: https://repo.maven.apache.org/maven2/com/puppycrawl/tools/checkstyle/9.3/checkstyle-9.3.jar (2.0 MB at 227 kB/s)
[INFO] Downloading from central: https://repo.maven.apache.org/maven2/org/reflections/reflections/0.10.2/reflections-0.10.2.jar
[INFO] Downloaded from central: https://repo.maven.apache.org/maven2/org/reflections/reflections/0.10.2/reflections-0.10.2.jar (130 kB at 14 kB/s)
[INFO] Downloading from central: https://repo.maven.apache.org/maven2/org/javassist/javassist/3.28.0-GA/javassist-3.28.0-GA.jar
[INFO] Downloaded from central: https://repo.maven.apache.org/maven2/commons-beanutils/commons-beanutils/1.9.4/commons-beanutils-1.9.4.jar (247 kB at 26 kB/s)
[INFO] Downloading from central: https://repo.maven.apache.org/maven2/net/sf/saxon/Saxon-HE/10.6/Saxon-HE-10.6.jar
[INFO] Downloaded from central: https://repo.maven.apache.org/maven2/org/jetbrains/kotlin/kotlin-stdlib/1.9.24/kotlin-stdlib-1.9.24.jar (1.7 MB at 160 kB/s)
[INFO] Downloading from central: https://repo.maven.apache.org/maven2/org/codehaus/plexus/plexus-xml/4.0.4/plexus-xml-4.0.4.jar
[INFO] Downloaded from central: https://repo.maven.apache.org/maven2/org/javassist/javassist/3.28.0-GA/javassist-3.28.0-GA.jar (852 kB at 79 kB/s)
[INFO] Downloading from central: https://repo.maven.apache.org/maven2/org/apache/maven/maven-xml-impl/4.0.0-alpha-9/maven-xml-impl-4.0.0-alpha-9.jar
[INFO] Downloaded from central: https://repo.maven.apache.org/maven2/org/apache/maven/maven-xml-impl/4.0.0-alpha-9/maven-xml-impl-4.0.0-alpha-9.jar (24 kB at 2.2 kB/s)
[INFO] Downloading from central: https://repo.maven.apache.org/maven2/org/apache/maven/maven-api-xml/4.0.0-alpha-9/maven-api-xml-4.0.0-alpha-9.jar
[INFO] Downloaded from central: https://repo.maven.apache.org/maven2/org/apache/maven/maven-api-xml/4.0.0-alpha-9/maven-api-xml-4.0.0-alpha-9.jar (8.7 kB at 774 B/s)
[INFO] Downloading from central: https://repo.maven.apache.org/maven2/org/apache/maven/maven-api-meta/4.0.0-alpha-9/maven-api-meta-4.0.0-alpha-9.jar
[INFO] Downloaded from central: https://repo.maven.apache.org/maven2/org/codehaus/plexus/plexus-xml/4.0.4/plexus-xml-4.0.4.jar (89 kB at 7.9 kB/s)
[INFO] Downloading from central: https://repo.maven.apache.org/maven2/com/fasterxml/jackson/module/jackson-module-kotlin/2.16.2/jackson-module-kotlin-2.16.2.jar
[INFO] Downloaded from central: https://repo.maven.apache.org/maven2/org/apache/maven/maven-api-meta/4.0.0-alpha-9/maven-api-meta-4.0.0-alpha-9.jar (12 kB at 1.0 kB/s)
[INFO] Downloading from central: https://repo.maven.apache.org/maven2/com/fasterxml/jackson/core/jackson-databind/2.16.2/jackson-databind-2.16.2.jar
[INFO] Downloaded from central: https://repo.maven.apache.org/maven2/com/fasterxml/jackson/module/jackson-module-kotlin/2.16.2/jackson-module-kotlin-2.16.2.jar (163 kB at 14 kB/s)
[INFO] Downloading from central: https://repo.maven.apache.org/maven2/org/jetbrains/kotlin/kotlin-reflect/1.9.24/kotlin-reflect-1.9.24.jar
[INFO] Downloaded from central: https://repo.maven.apache.org/maven2/org/codehaus/groovy/groovy/3.0.22/groovy-3.0.22.jar (8.1 MB at 680 kB/s)
[INFO] Downloading from central: https://repo.maven.apache.org/maven2/io/micrometer/prometheus/prometheus-rsocket-client/1.5.3/prometheus-rsocket-client-1.5.3.jar
[INFO] Downloaded from central: https://repo.maven.apache.org/maven2/io/micrometer/prometheus/prometheus-rsocket-client/1.5.3/prometheus-rsocket-client-1.5.3.jar (18 kB at 1.5 kB/s)
[INFO] Downloading from central: https://repo.maven.apache.org/maven2/io/micrometer/micrometer-registry-prometheus/1.9.16/micrometer-registry-prometheus-1.9.16.jar
[INFO] Downloaded from central: https://repo.maven.apache.org/maven2/io/micrometer/micrometer-registry-prometheus/1.9.16/micrometer-registry-prometheus-1.9.16.jar (41 kB at 3.3 kB/s)
[INFO] Downloading from central: https://repo.maven.apache.org/maven2/io/prometheus/simpleclient_common/0.15.0/simpleclient_common-0.15.0.jar
[INFO] Downloaded from central: https://repo.maven.apache.org/maven2/io/prometheus/simpleclient_common/0.15.0/simpleclient_common-0.15.0.jar (8.0 kB at 621 B/s)
[INFO] Downloading from central: https://repo.maven.apache.org/maven2/io/prometheus/simpleclient/0.15.0/simpleclient-0.15.0.jar
[INFO] Downloaded from central: https://repo.maven.apache.org/maven2/io/prometheus/simpleclient/0.15.0/simpleclient-0.15.0.jar (89 kB at 6.7 kB/s)
[INFO] Downloading from central: https://repo.maven.apache.org/maven2/io/prometheus/simpleclient_tracer_otel/0.15.0/simpleclient_tracer_otel-0.15.0.jar
[INFO] Downloaded from central: https://repo.maven.apache.org/maven2/com/fasterxml/jackson/core/jackson-databind/2.16.2/jackson-databind-2.16.2.jar (1.6 MB at 123 kB/s)
[INFO] Downloading from central: https://repo.maven.apache.org/maven2/io/prometheus/simpleclient_tracer_common/0.15.0/simpleclient_tracer_common-0.15.0.jar
[INFO] Downloaded from central: https://repo.maven.apache.org/maven2/io/prometheus/simpleclient_tracer_common/0.15.0/simpleclient_tracer_common-0.15.0.jar (3.4 kB at 249 B/s)
[INFO] Downloaded from central: https://repo.maven.apache.org/maven2/io/prometheus/simpleclient_tracer_otel/0.15.0/simpleclient_tracer_otel-0.15.0.jar (4.3 kB at 315 B/s)
[INFO] Downloading from central: https://repo.maven.apache.org/maven2/io/prometheus/simpleclient_tracer_otel_agent/0.15.0/simpleclient_tracer_otel_agent-0.15.0.jar
[INFO] Downloading from central: https://repo.maven.apache.org/maven2/io/micrometer/micrometer-core/1.12.5/micrometer-core-1.12.5.jar
[INFO] Downloaded from central: https://repo.maven.apache.org/maven2/io/prometheus/simpleclient_tracer_otel_agent/0.15.0/simpleclient_tracer_otel_agent-0.15.0.jar (4.5 kB at 329 B/s)
[INFO] Downloading from central: https://repo.maven.apache.org/maven2/io/micrometer/micrometer-commons/1.12.5/micrometer-commons-1.12.5.jar
[INFO] Downloaded from central: https://repo.maven.apache.org/maven2/io/micrometer/micrometer-commons/1.12.5/micrometer-commons-1.12.5.jar (47 kB at 3.4 kB/s)
[INFO] Downloading from central: https://repo.maven.apache.org/maven2/io/micrometer/micrometer-observation/1.12.5/micrometer-observation-1.12.5.jar
[INFO] Downloaded from central: https://repo.maven.apache.org/maven2/io/micrometer/micrometer-observation/1.12.5/micrometer-observation-1.12.5.jar (72 kB at 4.9 kB/s)
[INFO] Downloading from central: https://repo.maven.apache.org/maven2/io/rsocket/rsocket-transport-netty/1.1.4/rsocket-transport-netty-1.1.4.jar
[INFO] Downloaded from central: https://repo.maven.apache.org/maven2/io/micrometer/micrometer-core/1.12.5/micrometer-core-1.12.5.jar (884 kB at 60 kB/s)
[INFO] Downloading from central: https://repo.maven.apache.org/maven2/io/projectreactor/netty/reactor-netty-core/1.0.32/reactor-netty-core-1.0.32.jar
[INFO] Downloaded from central: https://repo.maven.apache.org/maven2/io/rsocket/rsocket-transport-netty/1.1.4/rsocket-transport-netty-1.1.4.jar (23 kB at 1.6 kB/s)
[INFO] Downloading from central: https://repo.maven.apache.org/maven2/io/netty/netty-handler/4.1.112.Final/netty-handler-4.1.112.Final.jar
[INFO] Downloaded from central: https://repo.maven.apache.org/maven2/net/sf/saxon/Saxon-HE/10.6/Saxon-HE-10.6.jar (5.8 MB at 379 kB/s)
[INFO] Downloading from central: https://repo.maven.apache.org/maven2/io/netty/netty-resolver/4.1.112.Final/netty-resolver-4.1.112.Final.jar
[INFO] Downloaded from central: https://repo.maven.apache.org/maven2/io/projectreactor/netty/reactor-netty-core/1.0.32/reactor-netty-core-1.0.32.jar (412 kB at 27 kB/s)
[INFO] Downloading from central: https://repo.maven.apache.org/maven2/io/netty/netty-transport/4.1.112.Final/netty-transport-4.1.112.Final.jar
[INFO] Downloaded from central: https://repo.maven.apache.org/maven2/io/netty/netty-resolver/4.1.112.Final/netty-resolver-4.1.112.Final.jar (38 kB at 2.4 kB/s)
[INFO] Downloading from central: https://repo.maven.apache.org/maven2/io/netty/netty-transport-native-unix-common/4.1.112.Final/netty-transport-native-unix-common-4.1.112.Final.jar
[INFO] Downloaded from central: https://repo.maven.apache.org/maven2/io/netty/netty-handler/4.1.112.Final/netty-handler-4.1.112.Final.jar (571 kB at 36 kB/s)
[INFO] Downloading from central: https://repo.maven.apache.org/maven2/io/netty/netty-codec/4.1.112.Final/netty-codec-4.1.112.Final.jar
[INFO] Downloaded from central: https://repo.maven.apache.org/maven2/io/netty/netty-transport-native-unix-common/4.1.112.Final/netty-transport-native-unix-common-4.1.112.Final.jar (44 kB at 2.8 kB/s)
[INFO] Downloading from central: https://repo.maven.apache.org/maven2/io/netty/netty-handler-proxy/4.1.112.Final/netty-handler-proxy-4.1.112.Final.jar
[INFO] Downloaded from central: https://repo.maven.apache.org/maven2/io/netty/netty-transport/4.1.112.Final/netty-transport-4.1.112.Final.jar (518 kB at 32 kB/s)
[INFO] Downloading from central: https://repo.maven.apache.org/maven2/io/netty/netty-codec-socks/4.1.112.Final/netty-codec-socks-4.1.112.Final.jar
[INFO] Downloaded from central: https://repo.maven.apache.org/maven2/io/netty/netty-handler-proxy/4.1.112.Final/netty-handler-proxy-4.1.112.Final.jar (26 kB at 1.6 kB/s)
[INFO] Downloading from central: https://repo.maven.apache.org/maven2/io/netty/netty-resolver-dns/4.1.112.Final/netty-resolver-dns-4.1.112.Final.jar
[INFO] Downloaded from central: https://repo.maven.apache.org/maven2/io/netty/netty-codec/4.1.112.Final/netty-codec-4.1.112.Final.jar (352 kB at 22 kB/s)
[INFO] Downloading from central: https://repo.maven.apache.org/maven2/io/netty/netty-codec-dns/4.1.112.Final/netty-codec-dns-4.1.112.Final.jar
[INFO] Downloaded from central: https://repo.maven.apache.org/maven2/io/netty/netty-codec-socks/4.1.112.Final/netty-codec-socks-4.1.112.Final.jar (121 kB at 7.4 kB/s)
[INFO] Downloading from central: https://repo.maven.apache.org/maven2/io/netty/netty-resolver-dns-native-macos/4.1.112.Final/netty-resolver-dns-native-macos-4.1.112.Final-osx-x86_64.jar
[INFO] Downloaded from central: https://repo.maven.apache.org/maven2/io/netty/netty-codec-dns/4.1.112.Final/netty-codec-dns-4.1.112.Final.jar (67 kB at 4.1 kB/s)
[INFO] Downloading from central: https://repo.maven.apache.org/maven2/io/netty/netty-resolver-dns-classes-macos/4.1.112.Final/netty-resolver-dns-classes-macos-4.1.112.Final.jar
[INFO] Downloaded from central: https://repo.maven.apache.org/maven2/io/netty/netty-resolver-dns/4.1.112.Final/netty-resolver-dns-4.1.112.Final.jar (182 kB at 11 kB/s)
[INFO] Downloading from central: https://repo.maven.apache.org/maven2/io/netty/netty-transport-native-epoll/4.1.112.Final/netty-transport-native-epoll-4.1.112.Final-linux-x86_64.jar
[INFO] Downloaded from central: https://repo.maven.apache.org/maven2/io/netty/netty-resolver-dns-native-macos/4.1.112.Final/netty-resolver-dns-native-macos-4.1.112.Final-osx-x86_64.jar (19 kB at 1.2 kB/s)
[INFO] Downloading from central: https://repo.maven.apache.org/maven2/io/netty/netty-transport-classes-epoll/4.1.112.Final/netty-transport-classes-epoll-4.1.112.Final.jar
[INFO] Downloaded from central: https://repo.maven.apache.org/maven2/io/netty/netty-resolver-dns-classes-macos/4.1.112.Final/netty-resolver-dns-classes-macos-4.1.112.Final.jar (9.1 kB at 546 B/s)
[INFO] Downloading from central: https://repo.maven.apache.org/maven2/io/projectreactor/netty/reactor-netty-http/1.0.32/reactor-netty-http-1.0.32.jar
[INFO] Downloaded from central: https://repo.maven.apache.org/maven2/io/netty/netty-transport-native-epoll/4.1.112.Final/netty-transport-native-epoll-4.1.112.Final-linux-x86_64.jar (40 kB at 2.4 kB/s)
[INFO] Downloading from central: https://repo.maven.apache.org/maven2/io/netty/netty-codec-http/4.1.112.Final/netty-codec-http-4.1.112.Final.jar
[INFO] Downloaded from central: https://repo.maven.apache.org/maven2/io/netty/netty-transport-classes-epoll/4.1.112.Final/netty-transport-classes-epoll-4.1.112.Final.jar (147 kB at 8.7 kB/s)
[INFO] Downloading from central: https://repo.maven.apache.org/maven2/io/netty/netty-codec-http2/4.1.112.Final/netty-codec-http2-4.1.112.Final.jar
[INFO] Downloaded from central: https://repo.maven.apache.org/maven2/io/projectreactor/netty/reactor-netty-http/1.0.32/reactor-netty-http-1.0.32.jar (363 kB at 21 kB/s)
[INFO] Downloading from central: https://repo.maven.apache.org/maven2/io/rsocket/rsocket-core/1.1.4/rsocket-core-1.1.4.jar
[INFO] Downloaded from central: https://repo.maven.apache.org/maven2/io/netty/netty-codec-http/4.1.112.Final/netty-codec-http-4.1.112.Final.jar (668 kB at 38 kB/s)
[INFO] Downloaded from central: https://repo.maven.apache.org/maven2/io/netty/netty-codec-http2/4.1.112.Final/netty-codec-http2-4.1.112.Final.jar (490 kB at 28 kB/s)
[INFO] Downloading from central: https://repo.maven.apache.org/maven2/io/netty/netty-buffer/4.1.112.Final/netty-buffer-4.1.112.Final.jar
[INFO] Downloading from central: https://repo.maven.apache.org/maven2/io/netty/netty-common/4.1.112.Final/netty-common-4.1.112.Final.jar
[INFO] Downloaded from central: https://repo.maven.apache.org/maven2/org/jetbrains/kotlin/kotlin-reflect/1.9.24/kotlin-reflect-1.9.24.jar (3.2 MB at 182 kB/s)
[INFO] Downloaded from central: https://repo.maven.apache.org/maven2/io/rsocket/rsocket-core/1.1.4/rsocket-core-1.1.4.jar (434 kB at 24 kB/s)
[INFO] Downloading from central: https://repo.maven.apache.org/maven2/io/projectreactor/reactor-core/3.4.29/reactor-core-3.4.29.jar
[INFO] Downloading from central: https://repo.maven.apache.org/maven2/org/reactivestreams/reactive-streams/1.0.4/reactive-streams-1.0.4.jar
[INFO] Downloaded from central: https://repo.maven.apache.org/maven2/org/reactivestreams/reactive-streams/1.0.4/reactive-streams-1.0.4.jar (12 kB at 646 B/s)
[INFO] Downloading from central: https://repo.maven.apache.org/maven2/org/rocksdb/rocksdbjni/8.8.1/rocksdbjni-8.8.1.jar
[INFO] Downloaded from central: https://repo.maven.apache.org/maven2/io/netty/netty-buffer/4.1.112.Final/netty-buffer-4.1.112.Final.jar (337 kB at 19 kB/s)
[INFO] Downloading from central: https://repo.maven.apache.org/maven2/org/apache/maven/shared/maven-filtering/3.3.2/maven-filtering-3.3.2.jar
[INFO] Downloaded from central: https://repo.maven.apache.org/maven2/io/netty/netty-common/4.1.112.Final/netty-common-4.1.112.Final.jar (694 kB at 38 kB/s)
[INFO] Downloaded from central: https://repo.maven.apache.org/maven2/org/apache/maven/shared/maven-filtering/3.3.2/maven-filtering-3.3.2.jar (56 kB at 3.1 kB/s)
[INFO] Downloading from central: https://repo.maven.apache.org/maven2/org/codehaus/plexus/plexus-utils/4.0.0/plexus-utils-4.0.0.jar
[INFO] Downloading from central: https://repo.maven.apache.org/maven2/org/codehaus/plexus/plexus-interpolation/1.27/plexus-interpolation-1.27.jar
[INFO] Downloaded from central: https://repo.maven.apache.org/maven2/org/codehaus/plexus/plexus-interpolation/1.27/plexus-interpolation-1.27.jar (86 kB at 4.6 kB/s)
[INFO] Downloaded from central: https://repo.maven.apache.org/maven2/org/codehaus/plexus/plexus-utils/4.0.0/plexus-utils-4.0.0.jar (192 kB at 10 kB/s)
[INFO] Downloaded from central: https://repo.maven.apache.org/maven2/io/projectreactor/reactor-core/3.4.29/reactor-core-3.4.29.jar (1.7 MB at 85 kB/s)
[INFO] Downloaded from central: https://repo.maven.apache.org/maven2/org/jetbrains/kotlin/kotlin-compiler-embeddable/1.9.24/kotlin-compiler-embeddable-1.9.24.jar (60 MB at 2.1 MB/s)
[INFO] Downloaded from central: https://repo.maven.apache.org/maven2/org/rocksdb/rocksdbjni/8.8.1/rocksdbjni-8.8.1.jar (61 MB at 1.5 MB/s)
[INFO] Using active recipe(s) [org.openrewrite.java.migrate.UpgradeToJava21]
[INFO] Using active styles(s) []
[INFO] Downloading from central: https://repo.maven.apache.org/maven2/org/openrewrite/recipe/rewrite-migrate-java/2.25.0/rewrite-migrate-java-2.25.0.pom
[INFO] Downloaded from central: https://repo.maven.apache.org/maven2/org/openrewrite/recipe/rewrite-migrate-java/2.25.0/rewrite-migrate-java-2.25.0.pom (5.7 kB at 32 kB/s)
[INFO] Downloading from central: https://repo.maven.apache.org/maven2/com/fasterxml/jackson/jackson-bom/2.17.2/jackson-bom-2.17.2.pom
[INFO] Downloaded from central: https://repo.maven.apache.org/maven2/com/fasterxml/jackson/jackson-bom/2.17.2/jackson-bom-2.17.2.pom (19 kB at 566 kB/s)
[INFO] Downloading from central: https://repo.maven.apache.org/maven2/com/fasterxml/jackson/jackson-parent/2.17/jackson-parent-2.17.pom
[INFO] Downloaded from central: https://repo.maven.apache.org/maven2/com/fasterxml/jackson/jackson-parent/2.17/jackson-parent-2.17.pom (6.5 kB at 466 kB/s)
[INFO] Downloading from central: https://repo.maven.apache.org/maven2/com/fasterxml/oss-parent/58/oss-parent-58.pom
[INFO] Downloaded from central: https://repo.maven.apache.org/maven2/com/fasterxml/oss-parent/58/oss-parent-58.pom (24 kB at 1.4 MB/s)
[INFO] Downloading from central: https://repo.maven.apache.org/maven2/org/openrewrite/rewrite-bom/8.35.2/rewrite-bom-8.35.2.pom
[INFO] Downloaded from central: https://repo.maven.apache.org/maven2/org/openrewrite/rewrite-bom/8.35.2/rewrite-bom-8.35.2.pom (5.7 kB at 319 kB/s)
[INFO] Downloading from central: https://repo.maven.apache.org/maven2/org/openrewrite/rewrite-java/8.35.2/rewrite-java-8.35.2.pom
[INFO] Downloaded from central: https://repo.maven.apache.org/maven2/org/openrewrite/rewrite-java/8.35.2/rewrite-java-8.35.2.pom (5.6 kB at 370 kB/s)
[INFO] Downloading from central: https://repo.maven.apache.org/maven2/org/openrewrite/rewrite-core/8.35.2/rewrite-core-8.35.2.pom
[INFO] Downloaded from central: https://repo.maven.apache.org/maven2/org/openrewrite/rewrite-core/8.35.2/rewrite-core-8.35.2.pom (5.8 kB at 325 kB/s)
[INFO] Downloading from central: https://repo.maven.apache.org/maven2/com/fasterxml/jackson/core/jackson-core/2.17.2/jackson-core-2.17.2.pom
[INFO] Downloaded from central: https://repo.maven.apache.org/maven2/com/fasterxml/jackson/core/jackson-core/2.17.2/jackson-core-2.17.2.pom (9.6 kB at 507 kB/s)
[INFO] Downloading from central: https://repo.maven.apache.org/maven2/com/fasterxml/jackson/jackson-base/2.17.2/jackson-base-2.17.2.pom
[INFO] Downloaded from central: https://repo.maven.apache.org/maven2/com/fasterxml/jackson/jackson-base/2.17.2/jackson-base-2.17.2.pom (12 kB at 692 kB/s)
[INFO] Downloading from central: https://repo.maven.apache.org/maven2/com/fasterxml/jackson/core/jackson-databind/2.17.2/jackson-databind-2.17.2.pom
[INFO] Downloaded from central: https://repo.maven.apache.org/maven2/com/fasterxml/jackson/core/jackson-databind/2.17.2/jackson-databind-2.17.2.pom (21 kB at 1.3 MB/s)
[INFO] Downloading from central: https://repo.maven.apache.org/maven2/com/fasterxml/jackson/core/jackson-annotations/2.17.2/jackson-annotations-2.17.2.pom
[INFO] Downloaded from central: https://repo.maven.apache.org/maven2/com/fasterxml/jackson/core/jackson-annotations/2.17.2/jackson-annotations-2.17.2.pom (7.1 kB at 415 kB/s)
[INFO] Downloading from central: https://repo.maven.apache.org/maven2/com/fasterxml/jackson/dataformat/jackson-dataformat-smile/2.17.2/jackson-dataformat-smile-2.17.2.pom
[INFO] Downloaded from central: https://repo.maven.apache.org/maven2/com/fasterxml/jackson/dataformat/jackson-dataformat-smile/2.17.2/jackson-dataformat-smile-2.17.2.pom (3.4 kB at 241 kB/s)
[INFO] Downloading from central: https://repo.maven.apache.org/maven2/com/fasterxml/jackson/dataformat/jackson-dataformats-binary/2.17.2/jackson-dataformats-binary-2.17.2.pom
[INFO] Downloaded from central: https://repo.maven.apache.org/maven2/com/fasterxml/jackson/dataformat/jackson-dataformats-binary/2.17.2/jackson-dataformats-binary-2.17.2.pom (3.8 kB at 239 kB/s)
[INFO] Downloading from central: https://repo.maven.apache.org/maven2/com/fasterxml/jackson/module/jackson-module-parameter-names/2.17.2/jackson-module-parameter-names-2.17.2.pom
[INFO] Downloaded from central: https://repo.maven.apache.org/maven2/com/fasterxml/jackson/module/jackson-module-parameter-names/2.17.2/jackson-module-parameter-names-2.17.2.pom (4.2 kB at 249 kB/s)
[INFO] Downloading from central: https://repo.maven.apache.org/maven2/com/fasterxml/jackson/module/jackson-modules-java8/2.17.2/jackson-modules-java8-2.17.2.pom
[INFO] Downloaded from central: https://repo.maven.apache.org/maven2/com/fasterxml/jackson/module/jackson-modules-java8/2.17.2/jackson-modules-java8-2.17.2.pom (3.1 kB at 194 kB/s)
[INFO] Downloading from central: https://repo.maven.apache.org/maven2/com/fasterxml/jackson/datatype/jackson-datatype-jsr310/2.17.2/jackson-datatype-jsr310-2.17.2.pom
[INFO] Downloaded from central: https://repo.maven.apache.org/maven2/com/fasterxml/jackson/datatype/jackson-datatype-jsr310/2.17.2/jackson-datatype-jsr310-2.17.2.pom (4.9 kB at 213 kB/s)
[INFO] Downloading from central: https://repo.maven.apache.org/maven2/org/jspecify/jspecify/1.0.0/jspecify-1.0.0.pom
[INFO] Downloaded from central: https://repo.maven.apache.org/maven2/org/jspecify/jspecify/1.0.0/jspecify-1.0.0.pom (1.5 kB at 89 kB/s)
[INFO] Downloading from central: https://repo.maven.apache.org/maven2/org/apache/commons/commons-compress/1.27.1/commons-compress-1.27.1.pom
[INFO] Downloaded from central: https://repo.maven.apache.org/maven2/org/apache/commons/commons-compress/1.27.1/commons-compress-1.27.1.pom (23 kB at 854 kB/s)
[INFO] Downloading from central: https://repo.maven.apache.org/maven2/org/apache/commons/commons-parent/72/commons-parent-72.pom
[INFO] Downloaded from central: https://repo.maven.apache.org/maven2/org/apache/commons/commons-parent/72/commons-parent-72.pom (78 kB at 2.5 MB/s)
[INFO] Downloading from central: https://repo.maven.apache.org/maven2/commons-codec/commons-codec/1.17.1/commons-codec-1.17.1.pom
[INFO] Downloaded from central: https://repo.maven.apache.org/maven2/commons-codec/commons-codec/1.17.1/commons-codec-1.17.1.pom (18 kB at 278 kB/s)
[INFO] Downloading from central: https://repo.maven.apache.org/maven2/org/apache/commons/commons-lang3/3.16.0/commons-lang3-3.16.0.pom
[INFO] Downloaded from central: https://repo.maven.apache.org/maven2/org/apache/commons/commons-lang3/3.16.0/commons-lang3-3.16.0.pom (31 kB at 2.0 MB/s)
[INFO] Downloading from central: https://repo.maven.apache.org/maven2/io/github/classgraph/classgraph/4.8.175/classgraph-4.8.175.pom
[INFO] Downloaded from central: https://repo.maven.apache.org/maven2/io/github/classgraph/classgraph/4.8.175/classgraph-4.8.175.pom (31 kB at 1.5 MB/s)
[INFO] Downloading from central: https://repo.maven.apache.org/maven2/org/yaml/snakeyaml/2.3/snakeyaml-2.3.pom
[INFO] Downloaded from central: https://repo.maven.apache.org/maven2/org/yaml/snakeyaml/2.3/snakeyaml-2.3.pom (22 kB at 1.2 MB/s)
[INFO] Downloading from central: https://repo.maven.apache.org/maven2/org/openrewrite/rewrite-yaml/8.35.2/rewrite-yaml-8.35.2.pom
[INFO] Downloaded from central: https://repo.maven.apache.org/maven2/org/openrewrite/rewrite-yaml/8.35.2/rewrite-yaml-8.35.2.pom (4.1 kB at 242 kB/s)
[INFO] Downloading from central: https://repo.maven.apache.org/maven2/org/openrewrite/rewrite-xml/8.35.2/rewrite-xml-8.35.2.pom
[INFO] Downloaded from central: https://repo.maven.apache.org/maven2/org/openrewrite/rewrite-xml/8.35.2/rewrite-xml-8.35.2.pom (4.1 kB at 196 kB/s)
[INFO] Downloading from central: https://repo.maven.apache.org/maven2/org/apache/commons/commons-lang3/3.17.0/commons-lang3-3.17.0.pom
[INFO] Downloaded from central: https://repo.maven.apache.org/maven2/org/apache/commons/commons-lang3/3.17.0/commons-lang3-3.17.0.pom (31 kB at 1.3 MB/s)
[INFO] Downloading from central: https://repo.maven.apache.org/maven2/org/apache/commons/commons-parent/73/commons-parent-73.pom
[INFO] Downloaded from central: https://repo.maven.apache.org/maven2/org/apache/commons/commons-parent/73/commons-parent-73.pom (78 kB at 2.2 MB/s)
[INFO] Downloading from central: https://repo.maven.apache.org/maven2/org/junit/junit-bom/5.11.0/junit-bom-5.11.0.pom
[INFO] Downloaded from central: https://repo.maven.apache.org/maven2/org/junit/junit-bom/5.11.0/junit-bom-5.11.0.pom (5.6 kB at 282 kB/s)
[INFO] Downloading from central: https://repo.maven.apache.org/maven2/org/xerial/snappy/snappy-java/1.1.10.7/snappy-java-1.1.10.7.pom
[INFO] Downloaded from central: https://repo.maven.apache.org/maven2/org/xerial/snappy/snappy-java/1.1.10.7/snappy-java-1.1.10.7.pom (3.1 kB at 192 kB/s)
[INFO] Downloading from central: https://repo.maven.apache.org/maven2/org/openrewrite/rewrite-maven/8.35.2/rewrite-maven-8.35.2.pom
[INFO] Downloaded from central: https://repo.maven.apache.org/maven2/org/openrewrite/rewrite-maven/8.35.2/rewrite-maven-8.35.2.pom (5.9 kB at 33 kB/s)
[INFO] Downloading from central: https://repo.maven.apache.org/maven2/com/fasterxml/jackson/dataformat/jackson-dataformat-xml/2.17.2/jackson-dataformat-xml-2.17.2.pom
[INFO] Downloaded from central: https://repo.maven.apache.org/maven2/com/fasterxml/jackson/dataformat/jackson-dataformat-xml/2.17.2/jackson-dataformat-xml-2.17.2.pom (7.4 kB at 322 kB/s)
[INFO] Downloading from central: https://repo.maven.apache.org/maven2/org/codehaus/woodstox/stax2-api/4.2.2/stax2-api-4.2.2.pom
[INFO] Downloaded from central: https://repo.maven.apache.org/maven2/org/codehaus/woodstox/stax2-api/4.2.2/stax2-api-4.2.2.pom (6.3 kB at 300 kB/s)
[INFO] Downloading from central: https://repo.maven.apache.org/maven2/com/fasterxml/oss-parent/55/oss-parent-55.pom
[INFO] Downloaded from central: https://repo.maven.apache.org/maven2/com/fasterxml/oss-parent/55/oss-parent-55.pom (24 kB at 736 kB/s)
[INFO] Downloading from central: https://repo.maven.apache.org/maven2/com/fasterxml/woodstox/woodstox-core/6.7.0/woodstox-core-6.7.0.pom
[INFO] Downloaded from central: https://repo.maven.apache.org/maven2/com/fasterxml/woodstox/woodstox-core/6.7.0/woodstox-core-6.7.0.pom (9.6 kB at 505 kB/s)
[INFO] Downloading from central: https://repo.maven.apache.org/maven2/com/fasterxml/jackson/module/jackson-module-jaxb-annotations/2.17.2/jackson-module-jaxb-annotations-2.17.2.pom
[INFO] Downloaded from central: https://repo.maven.apache.org/maven2/com/fasterxml/jackson/module/jackson-module-jaxb-annotations/2.17.2/jackson-module-jaxb-annotations-2.17.2.pom (3.8 kB at 199 kB/s)
[INFO] Downloading from central: https://repo.maven.apache.org/maven2/com/fasterxml/jackson/module/jackson-modules-base/2.17.2/jackson-modules-base-2.17.2.pom
[INFO] Downloaded from central: https://repo.maven.apache.org/maven2/com/fasterxml/jackson/module/jackson-modules-base/2.17.2/jackson-modules-base-2.17.2.pom (4.1 kB at 215 kB/s)
[INFO] Downloading from central: https://repo.maven.apache.org/maven2/com/fasterxml/jackson/datatype/jackson-datatype-jdk8/2.17.2/jackson-datatype-jdk8-2.17.2.pom
[INFO] Downloaded from central: https://repo.maven.apache.org/maven2/com/fasterxml/jackson/datatype/jackson-datatype-jdk8/2.17.2/jackson-datatype-jdk8-2.17.2.pom (2.6 kB at 129 kB/s)
[INFO] Downloading from central: https://repo.maven.apache.org/maven2/org/openrewrite/rewrite-properties/8.35.2/rewrite-properties-8.35.2.pom
[INFO] Downloaded from central: https://repo.maven.apache.org/maven2/org/openrewrite/rewrite-properties/8.35.2/rewrite-properties-8.35.2.pom (3.8 kB at 189 kB/s)
[INFO] Downloading from central: https://repo.maven.apache.org/maven2/org/openrewrite/rewrite-gradle/8.35.2/rewrite-gradle-8.35.2.pom
[INFO] Downloaded from central: https://repo.maven.apache.org/maven2/org/openrewrite/rewrite-gradle/8.35.2/rewrite-gradle-8.35.2.pom (4.1 kB at 147 kB/s)
[INFO] Downloading from central: https://repo.maven.apache.org/maven2/org/openrewrite/rewrite-groovy/8.35.2/rewrite-groovy-8.35.2.pom
[INFO] Downloaded from central: https://repo.maven.apache.org/maven2/org/openrewrite/rewrite-groovy/8.35.2/rewrite-groovy-8.35.2.pom (4.0 kB at 132 kB/s)
[INFO] Downloading from central: https://repo.maven.apache.org/maven2/org/openrewrite/recipe/rewrite-github-actions/2.7.5/rewrite-github-actions-2.7.5.pom
[INFO] Downloaded from central: https://repo.maven.apache.org/maven2/org/openrewrite/recipe/rewrite-github-actions/2.7.5/rewrite-github-actions-2.7.5.pom (3.7 kB at 20 kB/s)
[INFO] Downloading from central: https://repo.maven.apache.org/maven2/org/openrewrite/rewrite-yaml/8.35.0/rewrite-yaml-8.35.0.pom
[INFO] Downloaded from central: https://repo.maven.apache.org/maven2/org/openrewrite/rewrite-yaml/8.35.0/rewrite-yaml-8.35.0.pom (4.1 kB at 242 kB/s)
[INFO] Downloading from central: https://repo.maven.apache.org/maven2/org/openrewrite/rewrite-core/8.35.0/rewrite-core-8.35.0.pom
[INFO] Downloaded from central: https://repo.maven.apache.org/maven2/org/openrewrite/rewrite-core/8.35.0/rewrite-core-8.35.0.pom (5.8 kB at 31 kB/s)
[INFO] Downloading from central: https://repo.maven.apache.org/maven2/org/openrewrite/recipe/rewrite-java-dependencies/1.18.1/rewrite-java-dependencies-1.18.1.pom
[INFO] Downloaded from central: https://repo.maven.apache.org/maven2/org/openrewrite/recipe/rewrite-java-dependencies/1.18.1/rewrite-java-dependencies-1.18.1.pom (4.9 kB at 222 kB/s)
[INFO] Downloading from central: https://repo.maven.apache.org/maven2/com/fasterxml/jackson/dataformat/jackson-dataformat-csv/2.17.2/jackson-dataformat-csv-2.17.2.pom
[INFO] Downloaded from central: https://repo.maven.apache.org/maven2/com/fasterxml/jackson/dataformat/jackson-dataformat-csv/2.17.2/jackson-dataformat-csv-2.17.2.pom (3.0 kB at 148 kB/s)
[INFO] Downloading from central: https://repo.maven.apache.org/maven2/com/fasterxml/jackson/dataformat/jackson-dataformats-text/2.17.2/jackson-dataformats-text-2.17.2.pom
[INFO] Downloaded from central: https://repo.maven.apache.org/maven2/com/fasterxml/jackson/dataformat/jackson-dataformats-text/2.17.2/jackson-dataformats-text-2.17.2.pom (3.5 kB at 205 kB/s)
[INFO] Downloading from central: https://repo.maven.apache.org/maven2/org/openrewrite/rewrite-java-17/8.35.2/rewrite-java-17-8.35.2.pom
[INFO] Downloaded from central: https://repo.maven.apache.org/maven2/org/openrewrite/rewrite-java-17/8.35.2/rewrite-java-17-8.35.2.pom (4.1 kB at 205 kB/s)
[INFO] Downloading from central: https://repo.maven.apache.org/maven2/org/openrewrite/recipe/rewrite-static-analysis/1.16.0/rewrite-static-analysis-1.16.0.pom
[INFO] Downloaded from central: https://repo.maven.apache.org/maven2/org/openrewrite/recipe/rewrite-static-analysis/1.16.0/rewrite-static-analysis-1.16.0.pom (4.8 kB at 266 kB/s)
[INFO] Downloading from central: https://repo.maven.apache.org/maven2/org/openrewrite/rewrite-bom/8.35.0/rewrite-bom-8.35.0.pom
[INFO] Downloaded from central: https://repo.maven.apache.org/maven2/org/openrewrite/rewrite-bom/8.35.0/rewrite-bom-8.35.0.pom (5.7 kB at 82 kB/s)
[INFO] Downloading from central: https://repo.maven.apache.org/maven2/org/openrewrite/rewrite-java/8.35.0/rewrite-java-8.35.0.pom
[INFO] Downloaded from central: https://repo.maven.apache.org/maven2/org/openrewrite/rewrite-java/8.35.0/rewrite-java-8.35.0.pom (5.6 kB at 15 kB/s)
[INFO] Downloading from central: https://repo.maven.apache.org/maven2/org/openrewrite/rewrite-xml/8.35.0/rewrite-xml-8.35.0.pom
[INFO] Downloaded from central: https://repo.maven.apache.org/maven2/org/openrewrite/rewrite-xml/8.35.0/rewrite-xml-8.35.0.pom (4.1 kB at 165 kB/s)
[INFO] Downloading from central: https://repo.maven.apache.org/maven2/org/openrewrite/rewrite-groovy/8.35.0/rewrite-groovy-8.35.0.pom
[INFO] Downloaded from central: https://repo.maven.apache.org/maven2/org/openrewrite/rewrite-groovy/8.35.0/rewrite-groovy-8.35.0.pom (4.0 kB at 20 kB/s)
[INFO] Downloading from central: https://repo.maven.apache.org/maven2/org/openrewrite/rewrite-kotlin/1.19.7/rewrite-kotlin-1.19.7.pom
[INFO] Downloaded from central: https://repo.maven.apache.org/maven2/org/openrewrite/rewrite-kotlin/1.19.7/rewrite-kotlin-1.19.7.pom (4.2 kB at 24 kB/s)
[INFO] Downloading from central: https://repo.maven.apache.org/maven2/org/jetbrains/kotlin/kotlin-compiler-embeddable/1.9.22/kotlin-compiler-embeddable-1.9.22.pom
[INFO] Downloaded from central: https://repo.maven.apache.org/maven2/org/jetbrains/kotlin/kotlin-compiler-embeddable/1.9.22/kotlin-compiler-embeddable-1.9.22.pom (2.3 kB at 129 kB/s)
[INFO] Downloading from central: https://repo.maven.apache.org/maven2/org/jetbrains/kotlin/kotlin-stdlib/1.9.22/kotlin-stdlib-1.9.22.pom
[INFO] Downloaded from central: https://repo.maven.apache.org/maven2/org/jetbrains/kotlin/kotlin-stdlib/1.9.22/kotlin-stdlib-1.9.22.pom (2.8 kB at 142 kB/s)
[INFO] Downloading from central: https://repo.maven.apache.org/maven2/org/jetbrains/kotlin/kotlin-script-runtime/1.9.22/kotlin-script-runtime-1.9.22.pom
[INFO] Downloaded from central: https://repo.maven.apache.org/maven2/org/jetbrains/kotlin/kotlin-script-runtime/1.9.22/kotlin-script-runtime-1.9.22.pom (1.2 kB at 64 kB/s)
[INFO] Downloading from central: https://repo.maven.apache.org/maven2/org/jetbrains/kotlin/kotlin-reflect/1.6.10/kotlin-reflect-1.6.10.pom
[INFO] Downloaded from central: https://repo.maven.apache.org/maven2/org/jetbrains/kotlin/kotlin-reflect/1.6.10/kotlin-reflect-1.6.10.pom (1.4 kB at 72 kB/s)
[INFO] Downloading from central: https://repo.maven.apache.org/maven2/org/jetbrains/kotlin/kotlin-daemon-embeddable/1.9.22/kotlin-daemon-embeddable-1.9.22.pom
[INFO] Downloaded from central: https://repo.maven.apache.org/maven2/org/jetbrains/kotlin/kotlin-daemon-embeddable/1.9.22/kotlin-daemon-embeddable-1.9.22.pom (1.2 kB at 46 kB/s)
[INFO] Downloading from central: https://repo.maven.apache.org/maven2/org/openrewrite/rewrite-csharp/0.8.2/rewrite-csharp-0.8.2.pom
[INFO] Downloaded from central: https://repo.maven.apache.org/maven2/org/openrewrite/rewrite-csharp/0.8.2/rewrite-csharp-0.8.2.pom (5.1 kB at 222 kB/s)
[INFO] Downloading from central: https://repo.maven.apache.org/maven2/org/openrewrite/rewrite-bom/8.33.7/rewrite-bom-8.33.7.pom
[INFO] Downloaded from central: https://repo.maven.apache.org/maven2/org/openrewrite/rewrite-bom/8.33.7/rewrite-bom-8.33.7.pom (5.7 kB at 273 kB/s)
[INFO] Downloading from central: https://repo.maven.apache.org/maven2/org/openrewrite/rewrite-core/8.33.7/rewrite-core-8.33.7.pom
[INFO] Downloaded from central: https://repo.maven.apache.org/maven2/org/openrewrite/rewrite-core/8.33.7/rewrite-core-8.33.7.pom (5.8 kB at 209 kB/s)
[INFO] Downloading from central: https://repo.maven.apache.org/maven2/org/openrewrite/rewrite-java/8.33.7/rewrite-java-8.33.7.pom
[INFO] Downloaded from central: https://repo.maven.apache.org/maven2/org/openrewrite/rewrite-java/8.33.7/rewrite-java-8.33.7.pom (5.6 kB at 179 kB/s)
[INFO] Downloading from central: https://repo.maven.apache.org/maven2/org/openrewrite/rewrite-yaml/8.33.7/rewrite-yaml-8.33.7.pom
[INFO] Downloaded from central: https://repo.maven.apache.org/maven2/org/openrewrite/rewrite-yaml/8.33.7/rewrite-yaml-8.33.7.pom (4.1 kB at 21 kB/s)
[INFO] Downloading from central: https://repo.maven.apache.org/maven2/org/openrewrite/rewrite-xml/8.33.7/rewrite-xml-8.33.7.pom
[INFO] Downloaded from central: https://repo.maven.apache.org/maven2/org/openrewrite/rewrite-xml/8.33.7/rewrite-xml-8.33.7.pom (4.1 kB at 172 kB/s)
[INFO] Downloading from central: https://repo.maven.apache.org/maven2/org/xerial/snappy/snappy-java/1.1.10.6/snappy-java-1.1.10.6.pom
[INFO] Downloaded from central: https://repo.maven.apache.org/maven2/org/xerial/snappy/snappy-java/1.1.10.6/snappy-java-1.1.10.6.pom (3.1 kB at 106 kB/s)
[INFO] Downloading from central: https://repo.maven.apache.org/maven2/io/micrometer/micrometer-core/1.13.3/micrometer-core-1.13.3.pom
[INFO] Downloaded from central: https://repo.maven.apache.org/maven2/io/micrometer/micrometer-core/1.13.3/micrometer-core-1.13.3.pom (11 kB at 381 kB/s)
[INFO] Downloading from central: https://repo.maven.apache.org/maven2/io/micrometer/micrometer-commons/1.13.3/micrometer-commons-1.13.3.pom
[INFO] Downloaded from central: https://repo.maven.apache.org/maven2/io/micrometer/micrometer-commons/1.13.3/micrometer-commons-1.13.3.pom (3.4 kB at 136 kB/s)
[INFO] Downloading from central: https://repo.maven.apache.org/maven2/io/micrometer/micrometer-observation/1.13.3/micrometer-observation-1.13.3.pom
[INFO] Downloaded from central: https://repo.maven.apache.org/maven2/io/micrometer/micrometer-observation/1.13.3/micrometer-observation-1.13.3.pom (3.8 kB at 137 kB/s)
[INFO] Downloading from central: https://repo.maven.apache.org/maven2/org/hdrhistogram/HdrHistogram/2.2.2/HdrHistogram-2.2.2.pom
[INFO] Downloaded from central: https://repo.maven.apache.org/maven2/org/hdrhistogram/HdrHistogram/2.2.2/HdrHistogram-2.2.2.pom (13 kB at 704 kB/s)
[INFO] Downloading from central: https://repo.maven.apache.org/maven2/com/fasterxml/jackson/dataformat/jackson-dataformat-cbor/2.17.2/jackson-dataformat-cbor-2.17.2.pom
[INFO] Downloaded from central: https://repo.maven.apache.org/maven2/com/fasterxml/jackson/dataformat/jackson-dataformat-cbor/2.17.2/jackson-dataformat-cbor-2.17.2.pom (3.1 kB at 161 kB/s)
[INFO] Downloading from central: https://repo.maven.apache.org/maven2/ch/qos/logback/logback-classic/1.2.13/logback-classic-1.2.13.pom
[INFO] Downloaded from central: https://repo.maven.apache.org/maven2/ch/qos/logback/logback-classic/1.2.13/logback-classic-1.2.13.pom (9.7 kB at 484 kB/s)
[INFO] Downloading from central: https://repo.maven.apache.org/maven2/ch/qos/logback/logback-parent/1.2.13/logback-parent-1.2.13.pom
[INFO] Downloaded from central: https://repo.maven.apache.org/maven2/ch/qos/logback/logback-parent/1.2.13/logback-parent-1.2.13.pom (19 kB at 710 kB/s)
[INFO] Downloading from central: https://repo.maven.apache.org/maven2/ch/qos/logback/logback-core/1.2.13/logback-core-1.2.13.pom
[INFO] Downloaded from central: https://repo.maven.apache.org/maven2/ch/qos/logback/logback-core/1.2.13/logback-core-1.2.13.pom (4.2 kB at 160 kB/s)
[INFO] Downloading from central: https://repo.maven.apache.org/maven2/org/openrewrite/meta/rewrite-analysis/2.10.5/rewrite-analysis-2.10.5.pom
[INFO] Downloaded from central: https://repo.maven.apache.org/maven2/org/openrewrite/meta/rewrite-analysis/2.10.5/rewrite-analysis-2.10.5.pom (4.6 kB at 241 kB/s)
[INFO] Downloading from central: https://repo.maven.apache.org/maven2/org/functionaljava/functionaljava/5.0/functionaljava-5.0.pom
[INFO] Downloaded from central: https://repo.maven.apache.org/maven2/org/functionaljava/functionaljava/5.0/functionaljava-5.0.pom (1.9 kB at 80 kB/s)
[INFO] Downloading from central: https://repo.maven.apache.org/maven2/org/openrewrite/rewrite-maven/8.35.0/rewrite-maven-8.35.0.pom
[INFO] Downloaded from central: https://repo.maven.apache.org/maven2/org/openrewrite/rewrite-maven/8.35.0/rewrite-maven-8.35.0.pom (5.9 kB at 294 kB/s)
[INFO] Downloading from central: https://repo.maven.apache.org/maven2/org/openrewrite/rewrite-properties/8.35.0/rewrite-properties-8.35.0.pom
[INFO] Downloaded from central: https://repo.maven.apache.org/maven2/org/openrewrite/rewrite-properties/8.35.0/rewrite-properties-8.35.0.pom (3.8 kB at 19 kB/s)
[INFO] Downloading from central: https://repo.maven.apache.org/maven2/org/openrewrite/rewrite-templating/1.15.0/rewrite-templating-1.15.0.pom
[INFO] Downloaded from central: https://repo.maven.apache.org/maven2/org/openrewrite/rewrite-templating/1.15.0/rewrite-templating-1.15.0.pom (3.3 kB at 163 kB/s)
[INFO] Downloading from central: https://repo.maven.apache.org/maven2/org/openrewrite/recipe/rewrite-jenkins/0.13.0/rewrite-jenkins-0.13.0.pom
[INFO] Downloaded from central: https://repo.maven.apache.org/maven2/org/openrewrite/recipe/rewrite-jenkins/0.13.0/rewrite-jenkins-0.13.0.pom (4.6 kB at 240 kB/s)
[INFO] Downloading from central: https://repo.maven.apache.org/maven2/org/openrewrite/recipe/rewrite-java-dependencies/1.17.0/rewrite-java-dependencies-1.17.0.pom
[INFO] Downloaded from central: https://repo.maven.apache.org/maven2/org/openrewrite/recipe/rewrite-java-dependencies/1.17.0/rewrite-java-dependencies-1.17.0.pom (4.9 kB at 222 kB/s)
[INFO] Downloading from central: https://repo.maven.apache.org/maven2/org/openrewrite/rewrite-bom/8.34.0/rewrite-bom-8.34.0.pom
[INFO] Downloaded from central: https://repo.maven.apache.org/maven2/org/openrewrite/rewrite-bom/8.34.0/rewrite-bom-8.34.0.pom (5.7 kB at 120 kB/s)
[INFO] Downloading from central: https://repo.maven.apache.org/maven2/org/openrewrite/rewrite-maven/8.34.0/rewrite-maven-8.34.0.pom
[INFO] Downloaded from central: https://repo.maven.apache.org/maven2/org/openrewrite/rewrite-maven/8.34.0/rewrite-maven-8.34.0.pom (5.9 kB at 267 kB/s)
[INFO] Downloading from central: https://repo.maven.apache.org/maven2/org/openrewrite/rewrite-xml/8.34.0/rewrite-xml-8.34.0.pom
[INFO] Downloaded from central: https://repo.maven.apache.org/maven2/org/openrewrite/rewrite-xml/8.34.0/rewrite-xml-8.34.0.pom (4.1 kB at 229 kB/s)
[INFO] Downloading from central: https://repo.maven.apache.org/maven2/org/openrewrite/rewrite-core/8.34.0/rewrite-core-8.34.0.pom
[INFO] Downloaded from central: https://repo.maven.apache.org/maven2/org/openrewrite/rewrite-core/8.34.0/rewrite-core-8.34.0.pom (5.8 kB at 35 kB/s)
[INFO] Downloading from central: https://repo.maven.apache.org/maven2/org/openrewrite/rewrite-java/8.34.0/rewrite-java-8.34.0.pom
[INFO] Downloaded from central: https://repo.maven.apache.org/maven2/org/openrewrite/rewrite-java/8.34.0/rewrite-java-8.34.0.pom (5.6 kB at 309 kB/s)
[INFO] Downloading from central: https://repo.maven.apache.org/maven2/org/openrewrite/rewrite-yaml/8.34.0/rewrite-yaml-8.34.0.pom
[INFO] Downloaded from central: https://repo.maven.apache.org/maven2/org/openrewrite/rewrite-yaml/8.34.0/rewrite-yaml-8.34.0.pom (4.1 kB at 242 kB/s)
[INFO] Downloading from central: https://repo.maven.apache.org/maven2/org/openrewrite/rewrite-properties/8.34.0/rewrite-properties-8.34.0.pom
[INFO] Downloaded from central: https://repo.maven.apache.org/maven2/org/openrewrite/rewrite-properties/8.34.0/rewrite-properties-8.34.0.pom (3.8 kB at 21 kB/s)
[INFO] Downloading from central: https://repo.maven.apache.org/maven2/org/openrewrite/rewrite-gradle/8.34.0/rewrite-gradle-8.34.0.pom
[INFO] Downloaded from central: https://repo.maven.apache.org/maven2/org/openrewrite/rewrite-gradle/8.34.0/rewrite-gradle-8.34.0.pom (4.1 kB at 23 kB/s)
[INFO] Downloading from central: https://repo.maven.apache.org/maven2/org/openrewrite/rewrite-groovy/8.34.0/rewrite-groovy-8.34.0.pom
[INFO] Downloaded from central: https://repo.maven.apache.org/maven2/org/openrewrite/rewrite-groovy/8.34.0/rewrite-groovy-8.34.0.pom (3.9 kB at 208 kB/s)
[INFO] Downloading from central: https://repo.maven.apache.org/maven2/org/openrewrite/rewrite-java-17/8.34.0/rewrite-java-17-8.34.0.pom
[INFO] Downloaded from central: https://repo.maven.apache.org/maven2/org/openrewrite/rewrite-java-17/8.34.0/rewrite-java-17-8.34.0.pom (4.1 kB at 105 kB/s)
[INFO] Downloading from central: https://repo.maven.apache.org/maven2/org/openrewrite/rewrite-java-11/8.35.0/rewrite-java-11-8.35.0.pom
[INFO] Downloaded from central: https://repo.maven.apache.org/maven2/org/openrewrite/rewrite-java-11/8.35.0/rewrite-java-11-8.35.0.pom (4.1 kB at 241 kB/s)
[INFO] Downloading from central: https://repo.maven.apache.org/maven2/org/openrewrite/rewrite-java-8/8.35.2/rewrite-java-8-8.35.2.pom
[INFO] Downloaded from central: https://repo.maven.apache.org/maven2/org/openrewrite/rewrite-java-8/8.35.2/rewrite-java-8-8.35.2.pom (3.7 kB at 21 kB/s)
[INFO] Downloading from central: https://repo.maven.apache.org/maven2/org/openrewrite/rewrite-java-11/8.35.2/rewrite-java-11-8.35.2.pom
[INFO] Downloaded from central: https://repo.maven.apache.org/maven2/org/openrewrite/rewrite-java-11/8.35.2/rewrite-java-11-8.35.2.pom (4.1 kB at 205 kB/s)
[INFO] Downloading from central: https://repo.maven.apache.org/maven2/org/openrewrite/rewrite-java-21/8.35.2/rewrite-java-21-8.35.2.pom
[INFO] Downloaded from central: https://repo.maven.apache.org/maven2/org/openrewrite/rewrite-java-21/8.35.2/rewrite-java-21-8.35.2.pom (4.1 kB at 21 kB/s)
[INFO] Downloading from central: https://repo.maven.apache.org/maven2/org/openrewrite/recipe/rewrite-migrate-java/2.25.0/rewrite-migrate-java-2.25.0.jar
[INFO] Downloaded from central: https://repo.maven.apache.org/maven2/org/openrewrite/recipe/rewrite-migrate-java/2.25.0/rewrite-migrate-java-2.25.0.jar (887 kB at 4.5 MB/s)
[INFO] Downloading from central: https://repo.maven.apache.org/maven2/org/openrewrite/rewrite-java/8.35.2/rewrite-java-8.35.2.jar
[INFO] Downloading from central: https://repo.maven.apache.org/maven2/org/openrewrite/rewrite-core/8.35.2/rewrite-core-8.35.2.jar
[INFO] Downloading from central: https://repo.maven.apache.org/maven2/com/fasterxml/jackson/core/jackson-databind/2.17.2/jackson-databind-2.17.2.jar
[INFO] Downloading from central: https://repo.maven.apache.org/maven2/com/fasterxml/jackson/module/jackson-module-parameter-names/2.17.2/jackson-module-parameter-names-2.17.2.jar
[INFO] Downloading from central: https://repo.maven.apache.org/maven2/org/apache/commons/commons-compress/1.27.1/commons-compress-1.27.1.jar
[INFO] Downloaded from central: https://repo.maven.apache.org/maven2/com/fasterxml/jackson/module/jackson-module-parameter-names/2.17.2/jackson-module-parameter-names-2.17.2.jar (10 kB at 181 kB/s)
[INFO] Downloading from central: https://repo.maven.apache.org/maven2/commons-codec/commons-codec/1.17.1/commons-codec-1.17.1.jar
[INFO] Downloaded from central: https://repo.maven.apache.org/maven2/org/openrewrite/rewrite-core/8.35.2/rewrite-core-8.35.2.jar (659 kB at 935 kB/s)
[INFO] Downloading from central: https://repo.maven.apache.org/maven2/commons-io/commons-io/2.16.1/commons-io-2.16.1.jar
[INFO] Downloaded from central: https://repo.maven.apache.org/maven2/com/fasterxml/jackson/core/jackson-databind/2.17.2/jackson-databind-2.17.2.jar (1.6 MB at 2.3 MB/s)
[INFO] Downloading from central: https://repo.maven.apache.org/maven2/org/yaml/snakeyaml/2.3/snakeyaml-2.3.jar
[INFO] Downloaded from central: https://repo.maven.apache.org/maven2/commons-codec/commons-codec/1.17.1/commons-codec-1.17.1.jar (373 kB at 504 kB/s)
[INFO] Downloading from central: https://repo.maven.apache.org/maven2/org/openrewrite/rewrite-yaml/8.35.2/rewrite-yaml-8.35.2.jar
[INFO] Downloaded from central: https://repo.maven.apache.org/maven2/org/apache/commons/commons-compress/1.27.1/commons-compress-1.27.1.jar (1.1 MB at 1.3 MB/s)
[INFO] Downloading from central: https://repo.maven.apache.org/maven2/org/openrewrite/rewrite-xml/8.35.2/rewrite-xml-8.35.2.jar
[INFO] Downloaded from central: https://repo.maven.apache.org/maven2/org/yaml/snakeyaml/2.3/snakeyaml-2.3.jar (342 kB at 356 kB/s)
[INFO] Downloading from central: https://repo.maven.apache.org/maven2/io/micrometer/micrometer-core/1.9.17/micrometer-core-1.9.17.jar
[INFO] Downloaded from central: https://repo.maven.apache.org/maven2/commons-io/commons-io/2.16.1/commons-io-2.16.1.jar (509 kB at 451 kB/s)
[INFO] Downloading from central: https://repo.maven.apache.org/maven2/com/fasterxml/jackson/core/jackson-annotations/2.17.2/jackson-annotations-2.17.2.jar
[INFO] Downloaded from central: https://repo.maven.apache.org/maven2/org/openrewrite/rewrite-xml/8.35.2/rewrite-xml-8.35.2.jar (275 kB at 220 kB/s)
[INFO] Downloading from central: https://repo.maven.apache.org/maven2/org/apache/commons/commons-lang3/3.17.0/commons-lang3-3.17.0.jar
[INFO] Downloaded from central: https://repo.maven.apache.org/maven2/org/openrewrite/rewrite-yaml/8.35.2/rewrite-yaml-8.35.2.jar (251 kB at 197 kB/s)
[INFO] Downloading from central: https://repo.maven.apache.org/maven2/io/github/classgraph/classgraph/4.8.175/classgraph-4.8.175.jar
[INFO] Downloaded from central: https://repo.maven.apache.org/maven2/io/micrometer/micrometer-core/1.9.17/micrometer-core-1.9.17.jar (664 kB at 476 kB/s)
[INFO] Downloading from central: https://repo.maven.apache.org/maven2/org/xerial/snappy/snappy-java/1.1.10.7/snappy-java-1.1.10.7.jar
[INFO] Downloaded from central: https://repo.maven.apache.org/maven2/com/fasterxml/jackson/core/jackson-annotations/2.17.2/jackson-annotations-2.17.2.jar (78 kB at 55 kB/s)
[INFO] Downloading from central: https://repo.maven.apache.org/maven2/org/openrewrite/rewrite-maven/8.35.2/rewrite-maven-8.35.2.jar
[INFO] Downloaded from central: https://repo.maven.apache.org/maven2/org/apache/commons/commons-lang3/3.17.0/commons-lang3-3.17.0.jar (674 kB at 365 kB/s)
[INFO] Downloading from central: https://repo.maven.apache.org/maven2/com/fasterxml/jackson/dataformat/jackson-dataformat-xml/2.17.2/jackson-dataformat-xml-2.17.2.jar
[INFO] Downloaded from central: https://repo.maven.apache.org/maven2/org/openrewrite/rewrite-java/8.35.2/rewrite-java-8.35.2.jar (1.7 MB at 824 kB/s)
[INFO] Downloading from central: https://repo.maven.apache.org/maven2/org/codehaus/woodstox/stax2-api/4.2.2/stax2-api-4.2.2.jar
[INFO] Downloaded from central: https://repo.maven.apache.org/maven2/io/github/classgraph/classgraph/4.8.175/classgraph-4.8.175.jar (574 kB at 263 kB/s)
[INFO] Downloading from central: https://repo.maven.apache.org/maven2/com/fasterxml/woodstox/woodstox-core/6.7.0/woodstox-core-6.7.0.jar
[INFO] Downloaded from central: https://repo.maven.apache.org/maven2/com/fasterxml/jackson/dataformat/jackson-dataformat-xml/2.17.2/jackson-dataformat-xml-2.17.2.jar (129 kB at 57 kB/s)
[INFO] Downloading from central: https://repo.maven.apache.org/maven2/com/fasterxml/jackson/dataformat/jackson-dataformat-smile/2.17.2/jackson-dataformat-smile-2.17.2.jar
[INFO] Downloaded from central: https://repo.maven.apache.org/maven2/org/openrewrite/rewrite-maven/8.35.2/rewrite-maven-8.35.2.jar (775 kB at 334 kB/s)
[INFO] Downloading from central: https://repo.maven.apache.org/maven2/com/fasterxml/jackson/module/jackson-module-jaxb-annotations/2.17.2/jackson-module-jaxb-annotations-2.17.2.jar
[INFO] Downloaded from central: https://repo.maven.apache.org/maven2/org/xerial/snappy/snappy-java/1.1.10.7/snappy-java-1.1.10.7.jar (2.3 MB at 955 kB/s)
[INFO] Downloading from central: https://repo.maven.apache.org/maven2/com/fasterxml/jackson/datatype/jackson-datatype-jdk8/2.17.2/jackson-datatype-jdk8-2.17.2.jar
[INFO] Downloaded from central: https://repo.maven.apache.org/maven2/org/codehaus/woodstox/stax2-api/4.2.2/stax2-api-4.2.2.jar (196 kB at 79 kB/s)
[INFO] Downloading from central: https://repo.maven.apache.org/maven2/org/openrewrite/rewrite-properties/8.35.2/rewrite-properties-8.35.2.jar
[INFO] Downloaded from central: https://repo.maven.apache.org/maven2/com/fasterxml/jackson/dataformat/jackson-dataformat-smile/2.17.2/jackson-dataformat-smile-2.17.2.jar (97 kB at 38 kB/s)
[INFO] Downloading from central: https://repo.maven.apache.org/maven2/org/openrewrite/rewrite-gradle/8.35.2/rewrite-gradle-8.35.2.jar
[INFO] Downloaded from central: https://repo.maven.apache.org/maven2/com/fasterxml/jackson/module/jackson-module-jaxb-annotations/2.17.2/jackson-module-jaxb-annotations-2.17.2.jar (37 kB at 14 kB/s)
[INFO] Downloading from central: https://repo.maven.apache.org/maven2/org/openrewrite/rewrite-groovy/8.35.2/rewrite-groovy-8.35.2.jar
[INFO] Downloaded from central: https://repo.maven.apache.org/maven2/com/fasterxml/jackson/datatype/jackson-datatype-jdk8/2.17.2/jackson-datatype-jdk8-2.17.2.jar (36 kB at 14 kB/s)
[INFO] Downloading from central: https://repo.maven.apache.org/maven2/org/openrewrite/recipe/rewrite-github-actions/2.7.5/rewrite-github-actions-2.7.5.jar
[INFO] Downloaded from central: https://repo.maven.apache.org/maven2/org/openrewrite/rewrite-properties/8.35.2/rewrite-properties-8.35.2.jar (64 kB at 24 kB/s)
[INFO] Downloading from central: https://repo.maven.apache.org/maven2/com/fasterxml/jackson/core/jackson-core/2.17.2/jackson-core-2.17.2.jar
[INFO] Downloaded from central: https://repo.maven.apache.org/maven2/org/openrewrite/recipe/rewrite-github-actions/2.7.5/rewrite-github-actions-2.7.5.jar (46 kB at 17 kB/s)
[INFO] Downloading from central: https://repo.maven.apache.org/maven2/org/openrewrite/recipe/rewrite-java-dependencies/1.18.1/rewrite-java-dependencies-1.18.1.jar
[INFO] Downloaded from central: https://repo.maven.apache.org/maven2/org/openrewrite/rewrite-groovy/8.35.2/rewrite-groovy-8.35.2.jar (187 kB at 69 kB/s)
[INFO] Downloading from central: https://repo.maven.apache.org/maven2/com/fasterxml/jackson/dataformat/jackson-dataformat-csv/2.17.2/jackson-dataformat-csv-2.17.2.jar
[INFO] Downloaded from central: https://repo.maven.apache.org/maven2/com/fasterxml/jackson/dataformat/jackson-dataformat-csv/2.17.2/jackson-dataformat-csv-2.17.2.jar (103 kB at 36 kB/s)
[INFO] Downloading from central: https://repo.maven.apache.org/maven2/com/fasterxml/jackson/datatype/jackson-datatype-jsr310/2.17.2/jackson-datatype-jsr310-2.17.2.jar
[INFO] Downloaded from central: https://repo.maven.apache.org/maven2/com/fasterxml/jackson/datatype/jackson-datatype-jsr310/2.17.2/jackson-datatype-jsr310-2.17.2.jar (132 kB at 44 kB/s)
[INFO] Downloading from central: https://repo.maven.apache.org/maven2/org/openrewrite/recipe/rewrite-static-analysis/1.16.0/rewrite-static-analysis-1.16.0.jar
[INFO] Downloaded from central: https://repo.maven.apache.org/maven2/com/fasterxml/jackson/core/jackson-core/2.17.2/jackson-core-2.17.2.jar (582 kB at 190 kB/s)
[INFO] Downloading from central: https://repo.maven.apache.org/maven2/org/openrewrite/rewrite-kotlin/1.19.7/rewrite-kotlin-1.19.7.jar
[INFO] Downloaded from central: https://repo.maven.apache.org/maven2/org/openrewrite/recipe/rewrite-java-dependencies/1.18.1/rewrite-java-dependencies-1.18.1.jar (494 kB at 160 kB/s)
[INFO] Downloading from central: https://repo.maven.apache.org/maven2/org/jetbrains/kotlin/kotlin-compiler-embeddable/1.9.22/kotlin-compiler-embeddable-1.9.22.jar
[INFO] Downloaded from central: https://repo.maven.apache.org/maven2/com/fasterxml/woodstox/woodstox-core/6.7.0/woodstox-core-6.7.0.jar (1.6 MB at 471 kB/s)
[INFO] Downloading from central: https://repo.maven.apache.org/maven2/org/jetbrains/kotlin/kotlin-script-runtime/1.9.22/kotlin-script-runtime-1.9.22.jar
[INFO] Downloaded from central: https://repo.maven.apache.org/maven2/org/openrewrite/recipe/rewrite-static-analysis/1.16.0/rewrite-static-analysis-1.16.0.jar (792 kB at 223 kB/s)
[INFO] Downloading from central: https://repo.maven.apache.org/maven2/org/jetbrains/kotlin/kotlin-reflect/1.6.10/kotlin-reflect-1.6.10.jar
[INFO] Downloaded from central: https://repo.maven.apache.org/maven2/org/jetbrains/kotlin/kotlin-script-runtime/1.9.22/kotlin-script-runtime-1.9.22.jar (43 kB at 11 kB/s)
[INFO] Downloading from central: https://repo.maven.apache.org/maven2/org/jetbrains/kotlin/kotlin-daemon-embeddable/1.9.22/kotlin-daemon-embeddable-1.9.22.jar
[INFO] Downloaded from central: https://repo.maven.apache.org/maven2/org/openrewrite/rewrite-kotlin/1.19.7/rewrite-kotlin-1.19.7.jar (755 kB at 153 kB/s)
[INFO] Downloading from central: https://repo.maven.apache.org/maven2/org/jetbrains/kotlin/kotlin-stdlib/1.9.22/kotlin-stdlib-1.9.22.jar
[INFO] Downloaded from central: https://repo.maven.apache.org/maven2/org/jetbrains/kotlin/kotlin-daemon-embeddable/1.9.22/kotlin-daemon-embeddable-1.9.22.jar (399 kB at 78 kB/s)
[INFO] Downloading from central: https://repo.maven.apache.org/maven2/org/openrewrite/rewrite-csharp/0.8.2/rewrite-csharp-0.8.2.jar
[INFO] Downloaded from central: https://repo.maven.apache.org/maven2/org/openrewrite/rewrite-csharp/0.8.2/rewrite-csharp-0.8.2.jar (125 kB at 22 kB/s)
[INFO] Downloading from central: https://repo.maven.apache.org/maven2/com/fasterxml/jackson/dataformat/jackson-dataformat-cbor/2.17.2/jackson-dataformat-cbor-2.17.2.jar
[INFO] Downloaded from central: https://repo.maven.apache.org/maven2/com/fasterxml/jackson/dataformat/jackson-dataformat-cbor/2.17.2/jackson-dataformat-cbor-2.17.2.jar (70 kB at 11 kB/s)
[INFO] Downloading from central: https://repo.maven.apache.org/maven2/ch/qos/logback/logback-classic/1.2.13/logback-classic-1.2.13.jar
[INFO] Downloaded from central: https://repo.maven.apache.org/maven2/org/jetbrains/kotlin/kotlin-reflect/1.6.10/kotlin-reflect-1.6.10.jar (3.0 MB at 481 kB/s)
[INFO] Downloading from central: https://repo.maven.apache.org/maven2/ch/qos/logback/logback-core/1.2.13/logback-core-1.2.13.jar
[INFO] Downloaded from central: https://repo.maven.apache.org/maven2/ch/qos/logback/logback-core/1.2.13/logback-core-1.2.13.jar (450 kB at 64 kB/s)
[INFO] Downloading from central: https://repo.maven.apache.org/maven2/org/openrewrite/meta/rewrite-analysis/2.10.5/rewrite-analysis-2.10.5.jar
[INFO] Downloaded from central: https://repo.maven.apache.org/maven2/ch/qos/logback/logback-classic/1.2.13/logback-classic-1.2.13.jar (232 kB at 33 kB/s)
[INFO] Downloading from central: https://repo.maven.apache.org/maven2/org/functionaljava/functionaljava/5.0/functionaljava-5.0.jar
[INFO] Downloaded from central: https://repo.maven.apache.org/maven2/org/jetbrains/kotlin/kotlin-stdlib/1.9.22/kotlin-stdlib-1.9.22.jar (1.7 MB at 226 kB/s)
[INFO] Downloading from central: https://repo.maven.apache.org/maven2/org/openrewrite/recipe/rewrite-jenkins/0.13.0/rewrite-jenkins-0.13.0.jar
[INFO] Downloaded from central: https://repo.maven.apache.org/maven2/org/openrewrite/meta/rewrite-analysis/2.10.5/rewrite-analysis-2.10.5.jar (440 kB at 57 kB/s)
[INFO] Downloading from central: https://repo.maven.apache.org/maven2/org/openrewrite/rewrite-templating/1.15.0/rewrite-templating-1.15.0.jar
[INFO] Downloaded from central: https://repo.maven.apache.org/maven2/org/openrewrite/rewrite-templating/1.15.0/rewrite-templating-1.15.0.jar (116 kB at 14 kB/s)
[INFO] Downloading from central: https://repo.maven.apache.org/maven2/org/jspecify/jspecify/1.0.0/jspecify-1.0.0.jar
[INFO] Downloaded from central: https://repo.maven.apache.org/maven2/org/openrewrite/recipe/rewrite-jenkins/0.13.0/rewrite-jenkins-0.13.0.jar (70 kB at 8.6 kB/s)
[INFO] Downloading from central: https://repo.maven.apache.org/maven2/org/openrewrite/rewrite-java-8/8.35.2/rewrite-java-8-8.35.2.jar
[INFO] Downloaded from central: https://repo.maven.apache.org/maven2/org/jspecify/jspecify/1.0.0/jspecify-1.0.0.jar (3.8 kB at 454 B/s)
[INFO] Downloading from central: https://repo.maven.apache.org/maven2/org/openrewrite/rewrite-java-11/8.35.2/rewrite-java-11-8.35.2.jar
[INFO] Downloaded from central: https://repo.maven.apache.org/maven2/org/functionaljava/functionaljava/5.0/functionaljava-5.0.jar (789 kB at 93 kB/s)
[INFO] Downloading from central: https://repo.maven.apache.org/maven2/org/openrewrite/rewrite-java-17/8.35.2/rewrite-java-17-8.35.2.jar
[INFO] Downloaded from central: https://repo.maven.apache.org/maven2/org/openrewrite/rewrite-java-8/8.35.2/rewrite-java-8-8.35.2.jar (105 kB at 12 kB/s)
[INFO] Downloading from central: https://repo.maven.apache.org/maven2/org/openrewrite/rewrite-java-21/8.35.2/rewrite-java-21-8.35.2.jar
[INFO] Downloaded from central: https://repo.maven.apache.org/maven2/org/openrewrite/rewrite-java-11/8.35.2/rewrite-java-11-8.35.2.jar (107 kB at 12 kB/s)
[INFO] Downloaded from central: https://repo.maven.apache.org/maven2/org/openrewrite/rewrite-java-17/8.35.2/rewrite-java-17-8.35.2.jar (109 kB at 12 kB/s)
[INFO] Downloaded from central: https://repo.maven.apache.org/maven2/org/openrewrite/rewrite-java-21/8.35.2/rewrite-java-21-8.35.2.jar (109 kB at 12 kB/s)
[INFO] Downloaded from central: https://repo.maven.apache.org/maven2/org/openrewrite/rewrite-gradle/8.35.2/rewrite-gradle-8.35.2.jar (19 MB at 964 kB/s)
[INFO] Downloaded from central: https://repo.maven.apache.org/maven2/org/jetbrains/kotlin/kotlin-compiler-embeddable/1.9.22/kotlin-compiler-embeddable-1.9.22.jar (60 MB at 2.6 MB/s)
[INFO] Validating active recipes...
[ERROR] Recipe validation error in UpgradeDependencyVersion.overrideManagedVersion: is required
[ERROR] Recipe validation error in UpgradeDependencyVersion.retainVersions: is required
[ERROR] Recipe validation error in UpgradeDependencyVersion.versionPattern: is required
[ERROR] Recipe validation error in RemoveDependency.configuration: is required
[ERROR] Recipe validation error in RemoveDependency.scope: is required
[ERROR] Recipe validation error in ChangeDependency.changeManagedDependency: is required
[ERROR] Recipe validation error in ChangeDependency.overrideManagedVersion: is required
[ERROR] Recipe validation error in ChangeDependency.versionPattern: is required
[ERROR] Recipe validation error in AddDependency.classifier: is required
[ERROR] Recipe validation error in AddDependency.configuration: is required
[ERROR] Recipe validation error in AddDependency.extension: is required
[ERROR] Recipe validation error in AddDependency.familyPattern: is required
[ERROR] Recipe validation error in AddDependency.optional: is required
[ERROR] Recipe validation error in AddDependency.releasesOnly: is required
[ERROR] Recipe validation error in AddDependency.scope: is required
[ERROR] Recipe validation error in AddDependency.type: is required
[ERROR] Recipe validation error in AddDependency.versionPattern: is required
[ERROR] Recipe validation error in UpgradeDependencyVersion.overrideManagedVersion: is required
[ERROR] Recipe validation error in UpgradeDependencyVersion.retainVersions: is required
[ERROR] Recipe validation error in UpgradeDependencyVersion.versionPattern: is required
[ERROR] Recipe validation error in RemoveDependency.configuration: is required
[ERROR] Recipe validation error in RemoveDependency.scope: is required
[ERROR] Recipe validation error in ChangeDependency.changeManagedDependency: is required
[ERROR] Recipe validation error in ChangeDependency.overrideManagedVersion: is required
[ERROR] Recipe validation error in ChangeDependency.versionPattern: is required
[ERROR] Recipe validation error in AddDependency.classifier: is required
[ERROR] Recipe validation error in AddDependency.configuration: is required
[ERROR] Recipe validation error in AddDependency.extension: is required
[ERROR] Recipe validation error in AddDependency.familyPattern: is required
[ERROR] Recipe validation error in AddDependency.optional: is required
[ERROR] Recipe validation error in AddDependency.releasesOnly: is required
[ERROR] Recipe validation error in AddDependency.scope: is required
[ERROR] Recipe validation error in AddDependency.type: is required
[ERROR] Recipe validation error in AddDependency.versionPattern: is required
[ERROR] Recipe validation error in AddDependency.classifier: is required
[ERROR] Recipe validation error in AddDependency.configuration: is required
[ERROR] Recipe validation error in AddDependency.extension: is required
[ERROR] Recipe validation error in AddDependency.familyPattern: is required
[ERROR] Recipe validation error in AddDependency.optional: is required
[ERROR] Recipe validation error in AddDependency.releasesOnly: is required
[ERROR] Recipe validation error in AddDependency.scope: is required
[ERROR] Recipe validation error in AddDependency.type: is required
[ERROR] Recipe validation error in AddDependency.versionPattern: is required
[ERROR] Recipe validation error in UpgradeDependencyVersion.overrideManagedVersion: is required
[ERROR] Recipe validation error in UpgradeDependencyVersion.retainVersions: is required
[ERROR] Recipe validation error in UpgradeDependencyVersion.versionPattern: is required
[ERROR] Recipe validation error in AddDependency.classifier: is required
[ERROR] Recipe validation error in AddDependency.configuration: is required
[ERROR] Recipe validation error in AddDependency.extension: is required
[ERROR] Recipe validation error in AddDependency.familyPattern: is required
[ERROR] Recipe validation error in AddDependency.optional: is required
[ERROR] Recipe validation error in AddDependency.releasesOnly: is required
[ERROR] Recipe validation error in AddDependency.scope: is required
[ERROR] Recipe validation error in AddDependency.type: is required
[ERROR] Recipe validation error in AddDependency.versionPattern: is required
[ERROR] Recipe validation error in UpgradeDependencyVersion.overrideManagedVersion: is required
[ERROR] Recipe validation error in UpgradeDependencyVersion.retainVersions: is required
[ERROR] Recipe validation error in UpgradeDependencyVersion.versionPattern: is required
[ERROR] Recipe validation error in ChangeDependency.changeManagedDependency: is required
[ERROR] Recipe validation error in ChangeDependency.overrideManagedVersion: is required
[ERROR] Recipe validation error in ChangeDependency.versionPattern: is required
[ERROR] Recipe validation error in AddDependency.classifier: is required
[ERROR] Recipe validation error in AddDependency.configuration: is required
[ERROR] Recipe validation error in AddDependency.extension: is required
[ERROR] Recipe validation error in AddDependency.familyPattern: is required
[ERROR] Recipe validation error in AddDependency.optional: is required
[ERROR] Recipe validation error in AddDependency.releasesOnly: is required
[ERROR] Recipe validation error in AddDependency.scope: is required
[ERROR] Recipe validation error in AddDependency.type: is required
[ERROR] Recipe validation error in AddDependency.versionPattern: is required
[ERROR] Recipe validation error in UpgradeDependencyVersion.overrideManagedVersion: is required
[ERROR] Recipe validation error in UpgradeDependencyVersion.retainVersions: is required
[ERROR] Recipe validation error in UpgradeDependencyVersion.versionPattern: is required
[ERROR] Recipe validation error in UpgradeJavaVersion.distribution: is required
[ERROR] Recipe validation error in UpgradeJavaVersion.distribution: is required
[ERROR] Recipe validation error in UpgradeDependencyVersion.overrideManagedVersion: is required
[ERROR] Recipe validation error in UpgradeDependencyVersion.retainVersions: is required
[ERROR] Recipe validation error in UpgradeDependencyVersion.versionPattern: is required
[ERROR] Recipe validation error in UpgradeJavaVersion.distribution: is required
[ERROR] Recipe validation error in UpgradeJavaVersion.distribution: is required
[ERROR] Recipe validation error in UpgradeJavaVersion.distribution: is required
[ERROR] Recipe validation error in UpgradeJavaVersion.distribution: is required
[ERROR] Recipe validation error in SetupJavaUpgradeJavaVersion.minimumJavaMajorVersion: is required
[ERROR] Recipe validation error in UpgradeDependencyVersion.overrideManagedVersion: is required
[ERROR] Recipe validation error in UpgradeDependencyVersion.retainVersions: is required
[ERROR] Recipe validation error in UpgradeDependencyVersion.overrideManagedVersion: is required
[ERROR] Recipe validation error in UpgradeDependencyVersion.retainVersions: is required
[ERROR] Recipe validation error in UpgradeDependencyVersion.versionPattern: is required
[ERROR] Recipe validation error in UpgradeDependencyVersion.overrideManagedVersion: is required
[ERROR] Recipe validation error in UpgradeDependencyVersion.retainVersions: is required
[ERROR] Recipe validation error in UpgradeDependencyVersion.versionPattern: is required
[ERROR] Recipe validation error in UpgradeDependencyVersion.overrideManagedVersion: is required
[ERROR] Recipe validation error in UpgradeDependencyVersion.retainVersions: is required
[ERROR] Recipe validation error in UpgradeDependencyVersion.versionPattern: is required
[ERROR] Recipe validation error in RemoveDependency.configuration: is required
[ERROR] Recipe validation error in RemoveDependency.scope: is required
[ERROR] Recipe validation error in ChangeDependency.changeManagedDependency: is required
[ERROR] Recipe validation error in ChangeDependency.overrideManagedVersion: is required
[ERROR] Recipe validation error in ChangeDependency.versionPattern: is required
[ERROR] Recipe validation error in AddDependency.classifier: is required
[ERROR] Recipe validation error in AddDependency.configuration: is required
[ERROR] Recipe validation error in AddDependency.extension: is required
[ERROR] Recipe validation error in AddDependency.familyPattern: is required
[ERROR] Recipe validation error in AddDependency.optional: is required
[ERROR] Recipe validation error in AddDependency.releasesOnly: is required
[ERROR] Recipe validation error in AddDependency.scope: is required
[ERROR] Recipe validation error in AddDependency.type: is required
[ERROR] Recipe validation error in AddDependency.versionPattern: is required
[ERROR] Recipe validation error in UpgradeDependencyVersion.overrideManagedVersion: is required
[ERROR] Recipe validation error in UpgradeDependencyVersion.retainVersions: is required
[ERROR] Recipe validation error in UpgradeDependencyVersion.versionPattern: is required
[ERROR] Recipe validation error in RemoveDependency.configuration: is required
[ERROR] Recipe validation error in RemoveDependency.scope: is required
[ERROR] Recipe validation error in ChangeDependency.changeManagedDependency: is required
[ERROR] Recipe validation error in ChangeDependency.overrideManagedVersion: is required
[ERROR] Recipe validation error in ChangeDependency.versionPattern: is required
[ERROR] Recipe validation error in AddDependency.classifier: is required
[ERROR] Recipe validation error in AddDependency.configuration: is required
[ERROR] Recipe validation error in AddDependency.extension: is required
[ERROR] Recipe validation error in AddDependency.familyPattern: is required
[ERROR] Recipe validation error in AddDependency.optional: is required
[ERROR] Recipe validation error in AddDependency.releasesOnly: is required
[ERROR] Recipe validation error in AddDependency.scope: is required
[ERROR] Recipe validation error in AddDependency.type: is required
[ERROR] Recipe validation error in AddDependency.versionPattern: is required
[ERROR] Recipe validation error in AddDependency.classifier: is required
[ERROR] Recipe validation error in AddDependency.configuration: is required
[ERROR] Recipe validation error in AddDependency.extension: is required
[ERROR] Recipe validation error in AddDependency.familyPattern: is required
[ERROR] Recipe validation error in AddDependency.optional: is required
[ERROR] Recipe validation error in AddDependency.releasesOnly: is required
[ERROR] Recipe validation error in AddDependency.scope: is required
[ERROR] Recipe validation error in AddDependency.type: is required
[ERROR] Recipe validation error in AddDependency.versionPattern: is required
[ERROR] Recipe validation error in UpgradeDependencyVersion.overrideManagedVersion: is required
[ERROR] Recipe validation error in UpgradeDependencyVersion.retainVersions: is required
[ERROR] Recipe validation error in UpgradeDependencyVersion.versionPattern: is required
[ERROR] Recipe validation error in AddDependency.classifier: is required
[ERROR] Recipe validation error in AddDependency.configuration: is required
[ERROR] Recipe validation error in AddDependency.extension: is required
[ERROR] Recipe validation error in AddDependency.familyPattern: is required
[ERROR] Recipe validation error in AddDependency.optional: is required
[ERROR] Recipe validation error in AddDependency.releasesOnly: is required
[ERROR] Recipe validation error in AddDependency.scope: is required
[ERROR] Recipe validation error in AddDependency.type: is required
[ERROR] Recipe validation error in AddDependency.versionPattern: is required
[ERROR] Recipe validation error in UpgradeDependencyVersion.overrideManagedVersion: is required
[ERROR] Recipe validation error in UpgradeDependencyVersion.retainVersions: is required
[ERROR] Recipe validation error in UpgradeDependencyVersion.versionPattern: is required
[ERROR] Recipe validation error in ChangeDependency.changeManagedDependency: is required
[ERROR] Recipe validation error in ChangeDependency.overrideManagedVersion: is required
[ERROR] Recipe validation error in ChangeDependency.versionPattern: is required
[ERROR] Recipe validation error in AddDependency.classifier: is required
[ERROR] Recipe validation error in AddDependency.configuration: is required
[ERROR] Recipe validation error in AddDependency.extension: is required
[ERROR] Recipe validation error in AddDependency.familyPattern: is required
[ERROR] Recipe validation error in AddDependency.optional: is required
[ERROR] Recipe validation error in AddDependency.releasesOnly: is required
[ERROR] Recipe validation error in AddDependency.scope: is required
[ERROR] Recipe validation error in AddDependency.type: is required
[ERROR] Recipe validation error in AddDependency.versionPattern: is required
[ERROR] Recipe validation error in UpgradeDependencyVersion.overrideManagedVersion: is required
[ERROR] Recipe validation error in UpgradeDependencyVersion.retainVersions: is required
[ERROR] Recipe validation error in UpgradeDependencyVersion.versionPattern: is required
[ERROR] Recipe validation error in UpgradeJavaVersion.distribution: is required
[ERROR] Recipe validation error in UpgradeJavaVersion.distribution: is required
[ERROR] Recipe validation error in UpgradeDependencyVersion.overrideManagedVersion: is required
[ERROR] Recipe validation error in UpgradeDependencyVersion.retainVersions: is required
[ERROR] Recipe validation error in UpgradeDependencyVersion.versionPattern: is required
[ERROR] Recipe validation error in UpgradeJavaVersion.distribution: is required
[ERROR] Recipe validation error in UpgradeJavaVersion.distribution: is required
[ERROR] Recipe validation error in UpgradeDependencyVersion.overrideManagedVersion: is required
[ERROR] Recipe validation error in UpgradeDependencyVersion.retainVersions: is required
[ERROR] Recipe validation error in UpgradeDependencyVersion.versionPattern: is required
[ERROR] Recipe validation error in RemoveDependency.configuration: is required
[ERROR] Recipe validation error in RemoveDependency.scope: is required
[ERROR] Recipe validation error in ChangeDependency.changeManagedDependency: is required
[ERROR] Recipe validation error in ChangeDependency.overrideManagedVersion: is required
[ERROR] Recipe validation error in ChangeDependency.versionPattern: is required
[ERROR] Recipe validation error in AddDependency.classifier: is required
[ERROR] Recipe validation error in AddDependency.configuration: is required
[ERROR] Recipe validation error in AddDependency.extension: is required
[ERROR] Recipe validation error in AddDependency.familyPattern: is required
[ERROR] Recipe validation error in AddDependency.optional: is required
[ERROR] Recipe validation error in AddDependency.releasesOnly: is required
[ERROR] Recipe validation error in AddDependency.scope: is required
[ERROR] Recipe validation error in AddDependency.type: is required
[ERROR] Recipe validation error in AddDependency.versionPattern: is required
[ERROR] Recipe validation error in UpgradeDependencyVersion.overrideManagedVersion: is required
[ERROR] Recipe validation error in UpgradeDependencyVersion.retainVersions: is required
[ERROR] Recipe validation error in UpgradeDependencyVersion.versionPattern: is required
[ERROR] Recipe validation error in RemoveDependency.configuration: is required
[ERROR] Recipe validation error in RemoveDependency.scope: is required
[ERROR] Recipe validation error in ChangeDependency.changeManagedDependency: is required
[ERROR] Recipe validation error in ChangeDependency.overrideManagedVersion: is required
[ERROR] Recipe validation error in ChangeDependency.versionPattern: is required
[ERROR] Recipe validation error in AddDependency.classifier: is required
[ERROR] Recipe validation error in AddDependency.configuration: is required
[ERROR] Recipe validation error in AddDependency.extension: is required
[ERROR] Recipe validation error in AddDependency.familyPattern: is required
[ERROR] Recipe validation error in AddDependency.optional: is required
[ERROR] Recipe validation error in AddDependency.releasesOnly: is required
[ERROR] Recipe validation error in AddDependency.scope: is required
[ERROR] Recipe validation error in AddDependency.type: is required
[ERROR] Recipe validation error in AddDependency.versionPattern: is required
[ERROR] Recipe validation error in AddDependency.classifier: is required
[ERROR] Recipe validation error in AddDependency.configuration: is required
[ERROR] Recipe validation error in AddDependency.extension: is required
[ERROR] Recipe validation error in AddDependency.familyPattern: is required
[ERROR] Recipe validation error in AddDependency.optional: is required
[ERROR] Recipe validation error in AddDependency.releasesOnly: is required
[ERROR] Recipe validation error in AddDependency.scope: is required
[ERROR] Recipe validation error in AddDependency.type: is required
[ERROR] Recipe validation error in AddDependency.versionPattern: is required
[ERROR] Recipe validation error in UpgradeDependencyVersion.overrideManagedVersion: is required
[ERROR] Recipe validation error in UpgradeDependencyVersion.retainVersions: is required
[ERROR] Recipe validation error in UpgradeDependencyVersion.versionPattern: is required
[ERROR] Recipe validation error in AddDependency.classifier: is required
[ERROR] Recipe validation error in AddDependency.configuration: is required
[ERROR] Recipe validation error in AddDependency.extension: is required
[ERROR] Recipe validation error in AddDependency.familyPattern: is required
[ERROR] Recipe validation error in AddDependency.optional: is required
[ERROR] Recipe validation error in AddDependency.releasesOnly: is required
[ERROR] Recipe validation error in AddDependency.scope: is required
[ERROR] Recipe validation error in AddDependency.type: is required
[ERROR] Recipe validation error in AddDependency.versionPattern: is required
[ERROR] Recipe validation error in UpgradeDependencyVersion.overrideManagedVersion: is required
[ERROR] Recipe validation error in UpgradeDependencyVersion.retainVersions: is required
[ERROR] Recipe validation error in UpgradeDependencyVersion.versionPattern: is required
[ERROR] Recipe validation error in ChangeDependency.changeManagedDependency: is required
[ERROR] Recipe validation error in ChangeDependency.overrideManagedVersion: is required
[ERROR] Recipe validation error in ChangeDependency.versionPattern: is required
[ERROR] Recipe validation error in AddDependency.classifier: is required
[ERROR] Recipe validation error in AddDependency.configuration: is required
[ERROR] Recipe validation error in AddDependency.extension: is required
[ERROR] Recipe validation error in AddDependency.familyPattern: is required
[ERROR] Recipe validation error in AddDependency.optional: is required
[ERROR] Recipe validation error in AddDependency.releasesOnly: is required
[ERROR] Recipe validation error in AddDependency.scope: is required
[ERROR] Recipe validation error in AddDependency.type: is required
[ERROR] Recipe validation error in AddDependency.versionPattern: is required
[ERROR] Recipe validation error in UpgradeDependencyVersion.overrideManagedVersion: is required
[ERROR] Recipe validation error in UpgradeDependencyVersion.retainVersions: is required
[ERROR] Recipe validation error in UpgradeDependencyVersion.versionPattern: is required
[ERROR] Recipe validation error in UpgradeJavaVersion.distribution: is required
[ERROR] Recipe validation error in UpgradeJavaVersion.distribution: is required
[ERROR] Recipe validation error in UpgradeDependencyVersion.overrideManagedVersion: is required
[ERROR] Recipe validation error in UpgradeDependencyVersion.retainVersions: is required
[ERROR] Recipe validation error in UpgradeDependencyVersion.versionPattern: is required
[ERROR] Recipe validation error in UpgradeDependencyVersion.overrideManagedVersion: is required
[ERROR] Recipe validation error in UpgradeDependencyVersion.retainVersions: is required
[ERROR] Recipe validation error in UpgradeDependencyVersion.versionPattern: is required
[ERROR] Recipe validation error in UpgradeDependencyVersion.overrideManagedVersion: is required
[ERROR] Recipe validation error in UpgradeDependencyVersion.retainVersions: is required
[ERROR] Recipe validation error in UpgradeDependencyVersion.versionPattern: is required
[ERROR] Recipe validation error in UpgradeDependencyVersion.overrideManagedVersion: is required
[ERROR] Recipe validation error in UpgradeDependencyVersion.retainVersions: is required
[ERROR] Recipe validation error in UpgradeDependencyVersion.versionPattern: is required
[ERROR] Recipe validation error in UpgradeDependencyVersion.overrideManagedVersion: is required
[ERROR] Recipe validation error in UpgradeDependencyVersion.retainVersions: is required
[ERROR] Recipe validation error in UpgradeDependencyVersion.versionPattern: is required
[ERROR] Recipe validation error in UpgradeDependencyVersion.overrideManagedVersion: is required
[ERROR] Recipe validation error in UpgradeDependencyVersion.retainVersions: is required
[ERROR] Recipe validation error in UpgradeDependencyVersion.versionPattern: is required
[ERROR] Recipe validation error in UpgradeDependencyVersion.overrideManagedVersion: is required
[ERROR] Recipe validation error in UpgradeDependencyVersion.retainVersions: is required
[ERROR] Recipe validation error in UpgradeDependencyVersion.versionPattern: is required
[ERROR] Recipe validation error in RemoveDependency.configuration: is required
[ERROR] Recipe validation error in RemoveDependency.scope: is required
[ERROR] Recipe validation error in ChangeDependency.changeManagedDependency: is required
[ERROR] Recipe validation error in ChangeDependency.overrideManagedVersion: is required
[ERROR] Recipe validation error in ChangeDependency.versionPattern: is required
[ERROR] Recipe validation error in AddDependency.classifier: is required
[ERROR] Recipe validation error in AddDependency.configuration: is required
[ERROR] Recipe validation error in AddDependency.extension: is required
[ERROR] Recipe validation error in AddDependency.familyPattern: is required
[ERROR] Recipe validation error in AddDependency.optional: is required
[ERROR] Recipe validation error in AddDependency.releasesOnly: is required
[ERROR] Recipe validation error in AddDependency.scope: is required
[ERROR] Recipe validation error in AddDependency.type: is required
[ERROR] Recipe validation error in AddDependency.versionPattern: is required
[ERROR] Recipe validation error in UpgradeDependencyVersion.overrideManagedVersion: is required
[ERROR] Recipe validation error in UpgradeDependencyVersion.retainVersions: is required
[ERROR] Recipe validation error in UpgradeDependencyVersion.versionPattern: is required
[ERROR] Recipe validation error in RemoveDependency.configuration: is required
[ERROR] Recipe validation error in RemoveDependency.scope: is required
[ERROR] Recipe validation error in ChangeDependency.changeManagedDependency: is required
[ERROR] Recipe validation error in ChangeDependency.overrideManagedVersion: is required
[ERROR] Recipe validation error in ChangeDependency.versionPattern: is required
[ERROR] Recipe validation error in AddDependency.classifier: is required
[ERROR] Recipe validation error in AddDependency.configuration: is required
[ERROR] Recipe validation error in AddDependency.extension: is required
[ERROR] Recipe validation error in AddDependency.familyPattern: is required
[ERROR] Recipe validation error in AddDependency.optional: is required
[ERROR] Recipe validation error in AddDependency.releasesOnly: is required
[ERROR] Recipe validation error in AddDependency.scope: is required
[ERROR] Recipe validation error in AddDependency.type: is required
[ERROR] Recipe validation error in AddDependency.versionPattern: is required
[ERROR] Recipe validation error in UpgradeDependencyVersion.overrideManagedVersion: is required
[ERROR] Recipe validation error in UpgradeDependencyVersion.retainVersions: is required
[ERROR] Recipe validation error in UpgradeDependencyVersion.versionPattern: is required
[ERROR] Recipe validation error in RemoveDependency.configuration: is required
[ERROR] Recipe validation error in RemoveDependency.scope: is required
[ERROR] Recipe validation error in ChangeDependency.changeManagedDependency: is required
[ERROR] Recipe validation error in ChangeDependency.overrideManagedVersion: is required
[ERROR] Recipe validation error in ChangeDependency.versionPattern: is required
[ERROR] Recipe validation error in AddDependency.classifier: is required
[ERROR] Recipe validation error in AddDependency.configuration: is required
[ERROR] Recipe validation error in AddDependency.extension: is required
[ERROR] Recipe validation error in AddDependency.familyPattern: is required
[ERROR] Recipe validation error in AddDependency.optional: is required
[ERROR] Recipe validation error in AddDependency.releasesOnly: is required
[ERROR] Recipe validation error in AddDependency.scope: is required
[ERROR] Recipe validation error in AddDependency.type: is required
[ERROR] Recipe validation error in AddDependency.versionPattern: is required
[ERROR] Recipe validation error in AddDependency.classifier: is required
[ERROR] Recipe validation error in AddDependency.configuration: is required
[ERROR] Recipe validation error in AddDependency.extension: is required
[ERROR] Recipe validation error in AddDependency.familyPattern: is required
[ERROR] Recipe validation error in AddDependency.optional: is required
[ERROR] Recipe validation error in AddDependency.releasesOnly: is required
[ERROR] Recipe validation error in AddDependency.scope: is required
[ERROR] Recipe validation error in AddDependency.type: is required
[ERROR] Recipe validation error in AddDependency.versionPattern: is required
[ERROR] Recipe validation error in UpgradeDependencyVersion.overrideManagedVersion: is required
[ERROR] Recipe validation error in UpgradeDependencyVersion.retainVersions: is required
[ERROR] Recipe validation error in UpgradeDependencyVersion.versionPattern: is required
[ERROR] Recipe validation error in RemoveDependency.configuration: is required
[ERROR] Recipe validation error in RemoveDependency.scope: is required
[ERROR] Recipe validation error in ChangeDependency.changeManagedDependency: is required
[ERROR] Recipe validation error in ChangeDependency.overrideManagedVersion: is required
[ERROR] Recipe validation error in ChangeDependency.versionPattern: is required
[ERROR] Recipe validation error in AddDependency.classifier: is required
[ERROR] Recipe validation error in AddDependency.configuration: is required
[ERROR] Recipe validation error in AddDependency.extension: is required
[ERROR] Recipe validation error in AddDependency.familyPattern: is required
[ERROR] Recipe validation error in AddDependency.optional: is required
[ERROR] Recipe validation error in AddDependency.releasesOnly: is required
[ERROR] Recipe validation error in AddDependency.scope: is required
[ERROR] Recipe validation error in AddDependency.type: is required
[ERROR] Recipe validation error in AddDependency.versionPattern: is required
[ERROR] Recipe validation error in AddDependency.classifier: is required
[ERROR] Recipe validation error in AddDependency.configuration: is required
[ERROR] Recipe validation error in AddDependency.extension: is required
[ERROR] Recipe validation error in AddDependency.familyPattern: is required
[ERROR] Recipe validation error in AddDependency.optional: is required
[ERROR] Recipe validation error in AddDependency.releasesOnly: is required
[ERROR] Recipe validation error in AddDependency.scope: is required
[ERROR] Recipe validation error in AddDependency.type: is required
[ERROR] Recipe validation error in AddDependency.versionPattern: is required
[ERROR] Recipe validation error in UpgradeDependencyVersion.overrideManagedVersion: is required
[ERROR] Recipe validation error in UpgradeDependencyVersion.retainVersions: is required
[ERROR] Recipe validation error in UpgradeDependencyVersion.versionPattern: is required
[ERROR] Recipe validation error in AddDependency.classifier: is required
[ERROR] Recipe validation error in AddDependency.configuration: is required
[ERROR] Recipe validation error in AddDependency.extension: is required
[ERROR] Recipe validation error in AddDependency.familyPattern: is required
[ERROR] Recipe validation error in AddDependency.optional: is required
[ERROR] Recipe validation error in AddDependency.releasesOnly: is required
[ERROR] Recipe validation error in AddDependency.scope: is required
[ERROR] Recipe validation error in AddDependency.type: is required
[ERROR] Recipe validation error in AddDependency.versionPattern: is required
[ERROR] Recipe validation error in UpgradeDependencyVersion.overrideManagedVersion: is required
[ERROR] Recipe validation error in UpgradeDependencyVersion.retainVersions: is required
[ERROR] Recipe validation error in UpgradeDependencyVersion.versionPattern: is required
[ERROR] Recipe validation error in AddDependency.classifier: is required
[ERROR] Recipe validation error in AddDependency.configuration: is required
[ERROR] Recipe validation error in AddDependency.extension: is required
[ERROR] Recipe validation error in AddDependency.familyPattern: is required
[ERROR] Recipe validation error in AddDependency.optional: is required
[ERROR] Recipe validation error in AddDependency.releasesOnly: is required
[ERROR] Recipe validation error in AddDependency.scope: is required
[ERROR] Recipe validation error in AddDependency.type: is required
[ERROR] Recipe validation error in AddDependency.versionPattern: is required
[ERROR] Recipe validation error in UpgradeDependencyVersion.overrideManagedVersion: is required
[ERROR] Recipe validation error in UpgradeDependencyVersion.retainVersions: is required
[ERROR] Recipe validation error in UpgradeDependencyVersion.versionPattern: is required
[ERROR] Recipe validation error in ChangeDependency.changeManagedDependency: is required
[ERROR] Recipe validation error in ChangeDependency.overrideManagedVersion: is required
[ERROR] Recipe validation error in ChangeDependency.versionPattern: is required
[ERROR] Recipe validation error in AddDependency.classifier: is required
[ERROR] Recipe validation error in AddDependency.configuration: is required
[ERROR] Recipe validation error in AddDependency.extension: is required
[ERROR] Recipe validation error in AddDependency.familyPattern: is required
[ERROR] Recipe validation error in AddDependency.optional: is required
[ERROR] Recipe validation error in AddDependency.releasesOnly: is required
[ERROR] Recipe validation error in AddDependency.scope: is required
[ERROR] Recipe validation error in AddDependency.type: is required
[ERROR] Recipe validation error in AddDependency.versionPattern: is required
[ERROR] Recipe validation error in ChangeDependency.changeManagedDependency: is required
[ERROR] Recipe validation error in ChangeDependency.overrideManagedVersion: is required
[ERROR] Recipe validation error in ChangeDependency.versionPattern: is required
[ERROR] Recipe validation error in AddDependency.classifier: is required
[ERROR] Recipe validation error in AddDependency.configuration: is required
[ERROR] Recipe validation error in AddDependency.extension: is required
[ERROR] Recipe validation error in AddDependency.familyPattern: is required
[ERROR] Recipe validation error in AddDependency.optional: is required
[ERROR] Recipe validation error in AddDependency.releasesOnly: is required
[ERROR] Recipe validation error in AddDependency.scope: is required
[ERROR] Recipe validation error in AddDependency.type: is required
[ERROR] Recipe validation error in AddDependency.versionPattern: is required
[ERROR] Recipe validation error in UpgradeDependencyVersion.overrideManagedVersion: is required
[ERROR] Recipe validation error in UpgradeDependencyVersion.retainVersions: is required
[ERROR] Recipe validation error in UpgradeDependencyVersion.versionPattern: is required
[ERROR] Recipe validation error in UpgradeDependencyVersion.overrideManagedVersion: is required
[ERROR] Recipe validation error in UpgradeDependencyVersion.retainVersions: is required
[ERROR] Recipe validation error in UpgradeDependencyVersion.versionPattern: is required
[ERROR] Recipe validation error in UpgradeJavaVersion.distribution: is required
[ERROR] Recipe validation error in UpgradeJavaVersion.distribution: is required
[ERROR] Recipe validation error in UpgradeJavaVersion.distribution: is required
[ERROR] Recipe validation error in UpgradeJavaVersion.distribution: is required
[ERROR] Recipe validation error in UpgradeJavaVersion.distribution: is required
[ERROR] Recipe validation error in UpgradeDependencyVersion.overrideManagedVersion: is required
[ERROR] Recipe validation error in UpgradeDependencyVersion.retainVersions: is required
[ERROR] Recipe validation error in UpgradeDependencyVersion.versionPattern: is required
[ERROR] Recipe validation error in UpgradeDependencyVersion.overrideManagedVersion: is required
[ERROR] Recipe validation error in UpgradeDependencyVersion.retainVersions: is required
[ERROR] Recipe validation error in UpgradeDependencyVersion.versionPattern: is required
[ERROR] Recipe validation error in UpgradeJavaVersion.distribution: is required
[ERROR] Recipe validation error in UpgradeJavaVersion.distribution: is required
[ERROR] Recipe validation error in UpgradeJavaVersion.distribution: is required
[ERROR] Recipe validation error in UpgradeJavaVersion.distribution: is required
[ERROR] Recipe validation error in UpgradeJavaVersion.distribution: is required
[ERROR] Recipe validation error in UpgradeJavaVersion.distribution: is required
[ERROR] Recipe validation error in UpgradeJavaVersion.distribution: is required
[ERROR] Recipe validation error in UpgradeJavaVersion.distribution: is required
[ERROR] Recipe validation error in UpgradeJavaVersion.distribution: is required
[ERROR] Recipe validation error in UpgradeJavaVersion.distribution: is required
[ERROR] Recipe validation error in SetupJavaUpgradeJavaVersion.minimumJavaMajorVersion: is required
[ERROR] Recipe validation error in UpgradeDependencyVersion.overrideManagedVersion: is required
[ERROR] Recipe validation error in UpgradeDependencyVersion.retainVersions: is required
[ERROR] Recipe validation error in UpgradeDependencyVersion.overrideManagedVersion: is required
[ERROR] Recipe validation error in UpgradeDependencyVersion.retainVersions: is required
[ERROR] Recipe validation error in UpgradeDependencyVersion.versionPattern: is required
[ERROR] Recipe validation error in UpgradeDependencyVersion.overrideManagedVersion: is required
[ERROR] Recipe validation error in UpgradeDependencyVersion.retainVersions: is required
[ERROR] Recipe validation error in UpgradeDependencyVersion.versionPattern: is required
[ERROR] Recipe validation error in UpgradeDependencyVersion.overrideManagedVersion: is required
[ERROR] Recipe validation error in UpgradeDependencyVersion.retainVersions: is required
[ERROR] Recipe validation error in UpgradeDependencyVersion.overrideManagedVersion: is required
[ERROR] Recipe validation error in UpgradeDependencyVersion.retainVersions: is required
[ERROR] Recipe validation error in UpgradeDependencyVersion.versionPattern: is required
[ERROR] Recipe validation error in UpgradeDependencyVersion.overrideManagedVersion: is required
[ERROR] Recipe validation error in UpgradeDependencyVersion.retainVersions: is required
[ERROR] Recipe validation error in UpgradeDependencyVersion.versionPattern: is required
[ERROR] Recipe validation errors detected as part of one or more activeRecipe(s). Execution will continue regardless.
[INFO] Project [Ticket Reservation System] Resolving Poms...
[WARNING] Failed to access maven repository http://snapshots.repository.codehaus.org due to: snapshots.repository.codehaus.org
[INFO] Project [Ticket Reservation System] Parsing source files
[INFO] Running recipe(s)...
[WARNING] These recipes would make changes to pom.xml:
[WARNING]     org.openrewrite.java.migrate.UpgradeToJava17
[WARNING]         org.openrewrite.java.migrate.Java8toJava11
[WARNING]             org.openrewrite.java.migrate.UpgradeBuildToJava11
[WARNING]                 org.openrewrite.java.migrate.UpgradeJavaVersion: {version=11}
[WARNING]                     org.openrewrite.java.migrate.maven.UseMavenCompilerPluginReleaseConfiguration: {releaseVersion=11}
[WARNING]                     org.openrewrite.java.migrate.maven.UpdateMavenProjectPropertyJavaVersion: {version=11}
[WARNING]         org.openrewrite.java.migrate.UpgradeBuildToJava17
[WARNING]             org.openrewrite.java.migrate.UpgradeJavaVersion: {version=17}
[WARNING]                 org.openrewrite.java.migrate.maven.UseMavenCompilerPluginReleaseConfiguration: {releaseVersion=17}
[WARNING]                 org.openrewrite.java.migrate.maven.UpdateMavenProjectPropertyJavaVersion: {version=17}
[WARNING]         org.openrewrite.java.migrate.UpgradePluginsForJava17
[WARNING]             org.openrewrite.maven.UpgradePluginVersion: {groupId=org.apache.maven.plugins, artifactId=maven-compiler-plugin, newVersion=3.x}
[WARNING]             org.openrewrite.maven.UpgradePluginVersion: {groupId=org.apache.maven.plugins, artifactId=maven-war-plugin, newVersion=3.x}
[WARNING]         org.openrewrite.java.migrate.UpgradeBuildToJava21
[WARNING]             org.openrewrite.java.migrate.UpgradeJavaVersion: {version=21}
[WARNING]                 org.openrewrite.java.migrate.maven.UseMavenCompilerPluginReleaseConfiguration: {releaseVersion=21}
[WARNING]                 org.openrewrite.java.migrate.maven.UpdateMavenProjectPropertyJavaVersion: {version=21}
[WARNING] Patch file available:
[WARNING]     /Users/ihcomega/workspace/java-on-azure-day/target/rewrite/rewrite.patch
[WARNING] Estimate time saved: 5m
[WARNING] Run 'mvn rewrite:run' to apply the recipes.
[INFO] ------------------------------------------------------------------------
[INFO] BUILD SUCCESS
[INFO] ------------------------------------------------------------------------
[INFO] Total time:  01:31 min
[INFO] Finished at: 2025-06-16T02:35:00+09:00
[INFO] ------------------------------------------------------------------------
2025-06-15T17:35:00.807Z [INFO] [MavenBuildTool] Cleaning up/Notifying after OpenRewrite success.
2025-06-15T17:35:00.807Z [INFO] [Project java-on-azure-day]: getting dependencies promise.
2025-06-15T17:35:00.808Z [INFO] Saving recipe configuration to /Users/ihcomega/workspace/java-on-azure-day/javaupgrade.rewrite.yml:

2025-06-15T17:35:00.808Z [INFO] Collected OpenRewrite recipes:
org.openrewrite.java.migrate.UpgradeToJava21
2025-06-15T17:35:00.808Z [INFO] Running OpenRewrite recipes:
org.openrewrite.java.migrate.UpgradeToJava21
2025-06-15T17:35:00.808Z [INFO] [MavenBuildTool] Running OpenRewrite recipes in /Users/ihcomega/workspace/java-on-azure-day using Maven
2025-06-15T17:35:00.809Z [INFO] [MavenBuildTool] Running OpenRewrite recipes: org.openrewrite.java.migrate.UpgradeToJava21
2025-06-15T17:35:00.809Z [INFO] [Environment] Running command (Java 8): mvn -B org.openrewrite.maven:rewrite-maven-plugin:5.37.1:run -Drewrite.activeRecipes=org.openrewrite.java.migrate.UpgradeToJava21 -Drewrite.recipeArtifactCoordinates=org.openrewrite.recipe:rewrite-migrate-java:2.25.0
[INFO] Scanning for projects...
[INFO] 
[INFO] -------------------< com.example:ticket-reservation >-------------------
[INFO] Building Ticket Reservation System 1.0.0
[INFO]   from pom.xml
[INFO] --------------------------------[ war ]---------------------------------
[INFO] 
[INFO] >>> rewrite:5.37.1:run (default-cli) > process-test-classes @ ticket-reservation >>>
[INFO] 
[INFO] --- resources:3.3.1:resources (default-resources) @ ticket-reservation ---
[INFO] Copying 1 resource from src/main/resources to target/classes
[INFO] 
[INFO] --- compiler:3.8.1:compile (default-compile) @ ticket-reservation ---
[INFO] Changes detected - recompiling the module!
[INFO] Compiling 11 source files to /Users/ihcomega/workspace/java-on-azure-day/target/classes
[INFO] 
[INFO] --- resources:3.3.1:testResources (default-testResources) @ ticket-reservation ---
[INFO] skip non existing resourceDirectory /Users/ihcomega/workspace/java-on-azure-day/src/test/resources
[INFO] 
[INFO] --- compiler:3.8.1:testCompile (default-testCompile) @ ticket-reservation ---
[INFO] Changes detected - recompiling the module!
[INFO] 
[INFO] <<< rewrite:5.37.1:run (default-cli) < process-test-classes @ ticket-reservation <<<
[INFO] 
[INFO] 
[INFO] --- rewrite:5.37.1:run (default-cli) @ ticket-reservation ---
[INFO] Using active recipe(s) [org.openrewrite.java.migrate.UpgradeToJava21]
[INFO] Using active styles(s) []
[INFO] Validating active recipes...
[ERROR] Recipe validation error in UpgradeDependencyVersion.overrideManagedVersion: is required
[ERROR] Recipe validation error in UpgradeDependencyVersion.retainVersions: is required
[ERROR] Recipe validation error in UpgradeDependencyVersion.versionPattern: is required
[ERROR] Recipe validation error in RemoveDependency.configuration: is required
[ERROR] Recipe validation error in RemoveDependency.scope: is required
[ERROR] Recipe validation error in ChangeDependency.changeManagedDependency: is required
[ERROR] Recipe validation error in ChangeDependency.overrideManagedVersion: is required
[ERROR] Recipe validation error in ChangeDependency.versionPattern: is required
[ERROR] Recipe validation error in AddDependency.classifier: is required
[ERROR] Recipe validation error in AddDependency.configuration: is required
[ERROR] Recipe validation error in AddDependency.extension: is required
[ERROR] Recipe validation error in AddDependency.familyPattern: is required
[ERROR] Recipe validation error in AddDependency.optional: is required
[ERROR] Recipe validation error in AddDependency.releasesOnly: is required
[ERROR] Recipe validation error in AddDependency.scope: is required
[ERROR] Recipe validation error in AddDependency.type: is required
[ERROR] Recipe validation error in AddDependency.versionPattern: is required
[ERROR] Recipe validation error in UpgradeDependencyVersion.overrideManagedVersion: is required
[ERROR] Recipe validation error in UpgradeDependencyVersion.retainVersions: is required
[ERROR] Recipe validation error in UpgradeDependencyVersion.versionPattern: is required
[ERROR] Recipe validation error in RemoveDependency.configuration: is required
[ERROR] Recipe validation error in RemoveDependency.scope: is required
[ERROR] Recipe validation error in ChangeDependency.changeManagedDependency: is required
[ERROR] Recipe validation error in ChangeDependency.overrideManagedVersion: is required
[ERROR] Recipe validation error in ChangeDependency.versionPattern: is required
[ERROR] Recipe validation error in AddDependency.classifier: is required
[ERROR] Recipe validation error in AddDependency.configuration: is required
[ERROR] Recipe validation error in AddDependency.extension: is required
[ERROR] Recipe validation error in AddDependency.familyPattern: is required
[ERROR] Recipe validation error in AddDependency.optional: is required
[ERROR] Recipe validation error in AddDependency.releasesOnly: is required
[ERROR] Recipe validation error in AddDependency.scope: is required
[ERROR] Recipe validation error in AddDependency.type: is required
[ERROR] Recipe validation error in AddDependency.versionPattern: is required
[ERROR] Recipe validation error in AddDependency.classifier: is required
[ERROR] Recipe validation error in AddDependency.configuration: is required
[ERROR] Recipe validation error in AddDependency.extension: is required
[ERROR] Recipe validation error in AddDependency.familyPattern: is required
[ERROR] Recipe validation error in AddDependency.optional: is required
[ERROR] Recipe validation error in AddDependency.releasesOnly: is required
[ERROR] Recipe validation error in AddDependency.scope: is required
[ERROR] Recipe validation error in AddDependency.type: is required
[ERROR] Recipe validation error in AddDependency.versionPattern: is required
[ERROR] Recipe validation error in UpgradeDependencyVersion.overrideManagedVersion: is required
[ERROR] Recipe validation error in UpgradeDependencyVersion.retainVersions: is required
[ERROR] Recipe validation error in UpgradeDependencyVersion.versionPattern: is required
[ERROR] Recipe validation error in AddDependency.classifier: is required
[ERROR] Recipe validation error in AddDependency.configuration: is required
[ERROR] Recipe validation error in AddDependency.extension: is required
[ERROR] Recipe validation error in AddDependency.familyPattern: is required
[ERROR] Recipe validation error in AddDependency.optional: is required
[ERROR] Recipe validation error in AddDependency.releasesOnly: is required
[ERROR] Recipe validation error in AddDependency.scope: is required
[ERROR] Recipe validation error in AddDependency.type: is required
[ERROR] Recipe validation error in AddDependency.versionPattern: is required
[ERROR] Recipe validation error in UpgradeDependencyVersion.overrideManagedVersion: is required
[ERROR] Recipe validation error in UpgradeDependencyVersion.retainVersions: is required
[ERROR] Recipe validation error in UpgradeDependencyVersion.versionPattern: is required
[ERROR] Recipe validation error in ChangeDependency.changeManagedDependency: is required
[ERROR] Recipe validation error in ChangeDependency.overrideManagedVersion: is required
[ERROR] Recipe validation error in ChangeDependency.versionPattern: is required
[ERROR] Recipe validation error in AddDependency.classifier: is required
[ERROR] Recipe validation error in AddDependency.configuration: is required
[ERROR] Recipe validation error in AddDependency.extension: is required
[ERROR] Recipe validation error in AddDependency.familyPattern: is required
[ERROR] Recipe validation error in AddDependency.optional: is required
[ERROR] Recipe validation error in AddDependency.releasesOnly: is required
[ERROR] Recipe validation error in AddDependency.scope: is required
[ERROR] Recipe validation error in AddDependency.type: is required
[ERROR] Recipe validation error in AddDependency.versionPattern: is required
[ERROR] Recipe validation error in UpgradeDependencyVersion.overrideManagedVersion: is required
[ERROR] Recipe validation error in UpgradeDependencyVersion.retainVersions: is required
[ERROR] Recipe validation error in UpgradeDependencyVersion.versionPattern: is required
[ERROR] Recipe validation error in UpgradeJavaVersion.distribution: is required
[ERROR] Recipe validation error in UpgradeJavaVersion.distribution: is required
[ERROR] Recipe validation error in UpgradeDependencyVersion.overrideManagedVersion: is required
[ERROR] Recipe validation error in UpgradeDependencyVersion.retainVersions: is required
[ERROR] Recipe validation error in UpgradeDependencyVersion.versionPattern: is required
[ERROR] Recipe validation error in UpgradeJavaVersion.distribution: is required
[ERROR] Recipe validation error in UpgradeJavaVersion.distribution: is required
[ERROR] Recipe validation error in UpgradeJavaVersion.distribution: is required
[ERROR] Recipe validation error in UpgradeJavaVersion.distribution: is required
[ERROR] Recipe validation error in SetupJavaUpgradeJavaVersion.minimumJavaMajorVersion: is required
[ERROR] Recipe validation error in UpgradeDependencyVersion.overrideManagedVersion: is required
[ERROR] Recipe validation error in UpgradeDependencyVersion.retainVersions: is required
[ERROR] Recipe validation error in UpgradeDependencyVersion.overrideManagedVersion: is required
[ERROR] Recipe validation error in UpgradeDependencyVersion.retainVersions: is required
[ERROR] Recipe validation error in UpgradeDependencyVersion.versionPattern: is required
[ERROR] Recipe validation error in UpgradeDependencyVersion.overrideManagedVersion: is required
[ERROR] Recipe validation error in UpgradeDependencyVersion.retainVersions: is required
[ERROR] Recipe validation error in UpgradeDependencyVersion.versionPattern: is required
[ERROR] Recipe validation error in UpgradeDependencyVersion.overrideManagedVersion: is required
[ERROR] Recipe validation error in UpgradeDependencyVersion.retainVersions: is required
[ERROR] Recipe validation error in UpgradeDependencyVersion.versionPattern: is required
[ERROR] Recipe validation error in RemoveDependency.configuration: is required
[ERROR] Recipe validation error in RemoveDependency.scope: is required
[ERROR] Recipe validation error in ChangeDependency.changeManagedDependency: is required
[ERROR] Recipe validation error in ChangeDependency.overrideManagedVersion: is required
[ERROR] Recipe validation error in ChangeDependency.versionPattern: is required
[ERROR] Recipe validation error in AddDependency.classifier: is required
[ERROR] Recipe validation error in AddDependency.configuration: is required
[ERROR] Recipe validation error in AddDependency.extension: is required
[ERROR] Recipe validation error in AddDependency.familyPattern: is required
[ERROR] Recipe validation error in AddDependency.optional: is required
[ERROR] Recipe validation error in AddDependency.releasesOnly: is required
[ERROR] Recipe validation error in AddDependency.scope: is required
[ERROR] Recipe validation error in AddDependency.type: is required
[ERROR] Recipe validation error in AddDependency.versionPattern: is required
[ERROR] Recipe validation error in UpgradeDependencyVersion.overrideManagedVersion: is required
[ERROR] Recipe validation error in UpgradeDependencyVersion.retainVersions: is required
[ERROR] Recipe validation error in UpgradeDependencyVersion.versionPattern: is required
[ERROR] Recipe validation error in RemoveDependency.configuration: is required
[ERROR] Recipe validation error in RemoveDependency.scope: is required
[ERROR] Recipe validation error in ChangeDependency.changeManagedDependency: is required
[ERROR] Recipe validation error in ChangeDependency.overrideManagedVersion: is required
[ERROR] Recipe validation error in ChangeDependency.versionPattern: is required
[ERROR] Recipe validation error in AddDependency.classifier: is required
[ERROR] Recipe validation error in AddDependency.configuration: is required
[ERROR] Recipe validation error in AddDependency.extension: is required
[ERROR] Recipe validation error in AddDependency.familyPattern: is required
[ERROR] Recipe validation error in AddDependency.optional: is required
[ERROR] Recipe validation error in AddDependency.releasesOnly: is required
[ERROR] Recipe validation error in AddDependency.scope: is required
[ERROR] Recipe validation error in AddDependency.type: is required
[ERROR] Recipe validation error in AddDependency.versionPattern: is required
[ERROR] Recipe validation error in AddDependency.classifier: is required
[ERROR] Recipe validation error in AddDependency.configuration: is required
[ERROR] Recipe validation error in AddDependency.extension: is required
[ERROR] Recipe validation error in AddDependency.familyPattern: is required
[ERROR] Recipe validation error in AddDependency.optional: is required
[ERROR] Recipe validation error in AddDependency.releasesOnly: is required
[ERROR] Recipe validation error in AddDependency.scope: is required
[ERROR] Recipe validation error in AddDependency.type: is required
[ERROR] Recipe validation error in AddDependency.versionPattern: is required
[ERROR] Recipe validation error in UpgradeDependencyVersion.overrideManagedVersion: is required
[ERROR] Recipe validation error in UpgradeDependencyVersion.retainVersions: is required
[ERROR] Recipe validation error in UpgradeDependencyVersion.versionPattern: is required
[ERROR] Recipe validation error in AddDependency.classifier: is required
[ERROR] Recipe validation error in AddDependency.configuration: is required
[ERROR] Recipe validation error in AddDependency.extension: is required
[ERROR] Recipe validation error in AddDependency.familyPattern: is required
[ERROR] Recipe validation error in AddDependency.optional: is required
[ERROR] Recipe validation error in AddDependency.releasesOnly: is required
[ERROR] Recipe validation error in AddDependency.scope: is required
[ERROR] Recipe validation error in AddDependency.type: is required
[ERROR] Recipe validation error in AddDependency.versionPattern: is required
[ERROR] Recipe validation error in UpgradeDependencyVersion.overrideManagedVersion: is required
[ERROR] Recipe validation error in UpgradeDependencyVersion.retainVersions: is required
[ERROR] Recipe validation error in UpgradeDependencyVersion.versionPattern: is required
[ERROR] Recipe validation error in ChangeDependency.changeManagedDependency: is required
[ERROR] Recipe validation error in ChangeDependency.overrideManagedVersion: is required
[ERROR] Recipe validation error in ChangeDependency.versionPattern: is required
[ERROR] Recipe validation error in AddDependency.classifier: is required
[ERROR] Recipe validation error in AddDependency.configuration: is required
[ERROR] Recipe validation error in AddDependency.extension: is required
[ERROR] Recipe validation error in AddDependency.familyPattern: is required
[ERROR] Recipe validation error in AddDependency.optional: is required
[ERROR] Recipe validation error in AddDependency.releasesOnly: is required
[ERROR] Recipe validation error in AddDependency.scope: is required
[ERROR] Recipe validation error in AddDependency.type: is required
[ERROR] Recipe validation error in AddDependency.versionPattern: is required
[ERROR] Recipe validation error in UpgradeDependencyVersion.overrideManagedVersion: is required
[ERROR] Recipe validation error in UpgradeDependencyVersion.retainVersions: is required
[ERROR] Recipe validation error in UpgradeDependencyVersion.versionPattern: is required
[ERROR] Recipe validation error in UpgradeJavaVersion.distribution: is required
[ERROR] Recipe validation error in UpgradeJavaVersion.distribution: is required
[ERROR] Recipe validation error in UpgradeDependencyVersion.overrideManagedVersion: is required
[ERROR] Recipe validation error in UpgradeDependencyVersion.retainVersions: is required
[ERROR] Recipe validation error in UpgradeDependencyVersion.versionPattern: is required
[ERROR] Recipe validation error in UpgradeJavaVersion.distribution: is required
[ERROR] Recipe validation error in UpgradeJavaVersion.distribution: is required
[ERROR] Recipe validation error in UpgradeDependencyVersion.overrideManagedVersion: is required
[ERROR] Recipe validation error in UpgradeDependencyVersion.retainVersions: is required
[ERROR] Recipe validation error in UpgradeDependencyVersion.versionPattern: is required
[ERROR] Recipe validation error in RemoveDependency.configuration: is required
[ERROR] Recipe validation error in RemoveDependency.scope: is required
[ERROR] Recipe validation error in ChangeDependency.changeManagedDependency: is required
[ERROR] Recipe validation error in ChangeDependency.overrideManagedVersion: is required
[ERROR] Recipe validation error in ChangeDependency.versionPattern: is required
[ERROR] Recipe validation error in AddDependency.classifier: is required
[ERROR] Recipe validation error in AddDependency.configuration: is required
[ERROR] Recipe validation error in AddDependency.extension: is required
[ERROR] Recipe validation error in AddDependency.familyPattern: is required
[ERROR] Recipe validation error in AddDependency.optional: is required
[ERROR] Recipe validation error in AddDependency.releasesOnly: is required
[ERROR] Recipe validation error in AddDependency.scope: is required
[ERROR] Recipe validation error in AddDependency.type: is required
[ERROR] Recipe validation error in AddDependency.versionPattern: is required
[ERROR] Recipe validation error in UpgradeDependencyVersion.overrideManagedVersion: is required
[ERROR] Recipe validation error in UpgradeDependencyVersion.retainVersions: is required
[ERROR] Recipe validation error in UpgradeDependencyVersion.versionPattern: is required
[ERROR] Recipe validation error in RemoveDependency.configuration: is required
[ERROR] Recipe validation error in RemoveDependency.scope: is required
[ERROR] Recipe validation error in ChangeDependency.changeManagedDependency: is required
[ERROR] Recipe validation error in ChangeDependency.overrideManagedVersion: is required
[ERROR] Recipe validation error in ChangeDependency.versionPattern: is required
[ERROR] Recipe validation error in AddDependency.classifier: is required
[ERROR] Recipe validation error in AddDependency.configuration: is required
[ERROR] Recipe validation error in AddDependency.extension: is required
[ERROR] Recipe validation error in AddDependency.familyPattern: is required
[ERROR] Recipe validation error in AddDependency.optional: is required
[ERROR] Recipe validation error in AddDependency.releasesOnly: is required
[ERROR] Recipe validation error in AddDependency.scope: is required
[ERROR] Recipe validation error in AddDependency.type: is required
[ERROR] Recipe validation error in AddDependency.versionPattern: is required
[ERROR] Recipe validation error in AddDependency.classifier: is required
[ERROR] Recipe validation error in AddDependency.configuration: is required
[ERROR] Recipe validation error in AddDependency.extension: is required
[ERROR] Recipe validation error in AddDependency.familyPattern: is required
[ERROR] Recipe validation error in AddDependency.optional: is required
[ERROR] Recipe validation error in AddDependency.releasesOnly: is required
[ERROR] Recipe validation error in AddDependency.scope: is required
[ERROR] Recipe validation error in AddDependency.type: is required
[ERROR] Recipe validation error in AddDependency.versionPattern: is required
[ERROR] Recipe validation error in UpgradeDependencyVersion.overrideManagedVersion: is required
[ERROR] Recipe validation error in UpgradeDependencyVersion.retainVersions: is required
[ERROR] Recipe validation error in UpgradeDependencyVersion.versionPattern: is required
[ERROR] Recipe validation error in AddDependency.classifier: is required
[ERROR] Recipe validation error in AddDependency.configuration: is required
[ERROR] Recipe validation error in AddDependency.extension: is required
[ERROR] Recipe validation error in AddDependency.familyPattern: is required
[ERROR] Recipe validation error in AddDependency.optional: is required
[ERROR] Recipe validation error in AddDependency.releasesOnly: is required
[ERROR] Recipe validation error in AddDependency.scope: is required
[ERROR] Recipe validation error in AddDependency.type: is required
[ERROR] Recipe validation error in AddDependency.versionPattern: is required
[ERROR] Recipe validation error in UpgradeDependencyVersion.overrideManagedVersion: is required
[ERROR] Recipe validation error in UpgradeDependencyVersion.retainVersions: is required
[ERROR] Recipe validation error in UpgradeDependencyVersion.versionPattern: is required
[ERROR] Recipe validation error in ChangeDependency.changeManagedDependency: is required
[ERROR] Recipe validation error in ChangeDependency.overrideManagedVersion: is required
[ERROR] Recipe validation error in ChangeDependency.versionPattern: is required
[ERROR] Recipe validation error in AddDependency.classifier: is required
[ERROR] Recipe validation error in AddDependency.configuration: is required
[ERROR] Recipe validation error in AddDependency.extension: is required
[ERROR] Recipe validation error in AddDependency.familyPattern: is required
[ERROR] Recipe validation error in AddDependency.optional: is required
[ERROR] Recipe validation error in AddDependency.releasesOnly: is required
[ERROR] Recipe validation error in AddDependency.scope: is required
[ERROR] Recipe validation error in AddDependency.type: is required
[ERROR] Recipe validation error in AddDependency.versionPattern: is required
[ERROR] Recipe validation error in UpgradeDependencyVersion.overrideManagedVersion: is required
[ERROR] Recipe validation error in UpgradeDependencyVersion.retainVersions: is required
[ERROR] Recipe validation error in UpgradeDependencyVersion.versionPattern: is required
[ERROR] Recipe validation error in UpgradeJavaVersion.distribution: is required
[ERROR] Recipe validation error in UpgradeJavaVersion.distribution: is required
[ERROR] Recipe validation error in UpgradeDependencyVersion.overrideManagedVersion: is required
[ERROR] Recipe validation error in UpgradeDependencyVersion.retainVersions: is required
[ERROR] Recipe validation error in UpgradeDependencyVersion.versionPattern: is required
[ERROR] Recipe validation error in UpgradeDependencyVersion.overrideManagedVersion: is required
[ERROR] Recipe validation error in UpgradeDependencyVersion.retainVersions: is required
[ERROR] Recipe validation error in UpgradeDependencyVersion.versionPattern: is required
[ERROR] Recipe validation error in UpgradeDependencyVersion.overrideManagedVersion: is required
[ERROR] Recipe validation error in UpgradeDependencyVersion.retainVersions: is required
[ERROR] Recipe validation error in UpgradeDependencyVersion.versionPattern: is required
[ERROR] Recipe validation error in UpgradeDependencyVersion.overrideManagedVersion: is required
[ERROR] Recipe validation error in UpgradeDependencyVersion.retainVersions: is required
[ERROR] Recipe validation error in UpgradeDependencyVersion.versionPattern: is required
[ERROR] Recipe validation error in UpgradeDependencyVersion.overrideManagedVersion: is required
[ERROR] Recipe validation error in UpgradeDependencyVersion.retainVersions: is required
[ERROR] Recipe validation error in UpgradeDependencyVersion.versionPattern: is required
[ERROR] Recipe validation error in UpgradeDependencyVersion.overrideManagedVersion: is required
[ERROR] Recipe validation error in UpgradeDependencyVersion.retainVersions: is required
[ERROR] Recipe validation error in UpgradeDependencyVersion.versionPattern: is required
[ERROR] Recipe validation error in UpgradeDependencyVersion.overrideManagedVersion: is required
[ERROR] Recipe validation error in UpgradeDependencyVersion.retainVersions: is required
[ERROR] Recipe validation error in UpgradeDependencyVersion.versionPattern: is required
[ERROR] Recipe validation error in RemoveDependency.configuration: is required
[ERROR] Recipe validation error in RemoveDependency.scope: is required
[ERROR] Recipe validation error in ChangeDependency.changeManagedDependency: is required
[ERROR] Recipe validation error in ChangeDependency.overrideManagedVersion: is required
[ERROR] Recipe validation error in ChangeDependency.versionPattern: is required
[ERROR] Recipe validation error in AddDependency.classifier: is required
[ERROR] Recipe validation error in AddDependency.configuration: is required
[ERROR] Recipe validation error in AddDependency.extension: is required
[ERROR] Recipe validation error in AddDependency.familyPattern: is required
[ERROR] Recipe validation error in AddDependency.optional: is required
[ERROR] Recipe validation error in AddDependency.releasesOnly: is required
[ERROR] Recipe validation error in AddDependency.scope: is required
[ERROR] Recipe validation error in AddDependency.type: is required
[ERROR] Recipe validation error in AddDependency.versionPattern: is required
[ERROR] Recipe validation error in UpgradeDependencyVersion.overrideManagedVersion: is required
[ERROR] Recipe validation error in UpgradeDependencyVersion.retainVersions: is required
[ERROR] Recipe validation error in UpgradeDependencyVersion.versionPattern: is required
[ERROR] Recipe validation error in RemoveDependency.configuration: is required
[ERROR] Recipe validation error in RemoveDependency.scope: is required
[ERROR] Recipe validation error in ChangeDependency.changeManagedDependency: is required
[ERROR] Recipe validation error in ChangeDependency.overrideManagedVersion: is required
[ERROR] Recipe validation error in ChangeDependency.versionPattern: is required
[ERROR] Recipe validation error in AddDependency.classifier: is required
[ERROR] Recipe validation error in AddDependency.configuration: is required
[ERROR] Recipe validation error in AddDependency.extension: is required
[ERROR] Recipe validation error in AddDependency.familyPattern: is required
[ERROR] Recipe validation error in AddDependency.optional: is required
[ERROR] Recipe validation error in AddDependency.releasesOnly: is required
[ERROR] Recipe validation error in AddDependency.scope: is required
[ERROR] Recipe validation error in AddDependency.type: is required
[ERROR] Recipe validation error in AddDependency.versionPattern: is required
[ERROR] Recipe validation error in UpgradeDependencyVersion.overrideManagedVersion: is required
[ERROR] Recipe validation error in UpgradeDependencyVersion.retainVersions: is required
[ERROR] Recipe validation error in UpgradeDependencyVersion.versionPattern: is required
[ERROR] Recipe validation error in RemoveDependency.configuration: is required
[ERROR] Recipe validation error in RemoveDependency.scope: is required
[ERROR] Recipe validation error in ChangeDependency.changeManagedDependency: is required
[ERROR] Recipe validation error in ChangeDependency.overrideManagedVersion: is required
[ERROR] Recipe validation error in ChangeDependency.versionPattern: is required
[ERROR] Recipe validation error in AddDependency.classifier: is required
[ERROR] Recipe validation error in AddDependency.configuration: is required
[ERROR] Recipe validation error in AddDependency.extension: is required
[ERROR] Recipe validation error in AddDependency.familyPattern: is required
[ERROR] Recipe validation error in AddDependency.optional: is required
[ERROR] Recipe validation error in AddDependency.releasesOnly: is required
[ERROR] Recipe validation error in AddDependency.scope: is required
[ERROR] Recipe validation error in AddDependency.type: is required
[ERROR] Recipe validation error in AddDependency.versionPattern: is required
[ERROR] Recipe validation error in AddDependency.classifier: is required
[ERROR] Recipe validation error in AddDependency.configuration: is required
[ERROR] Recipe validation error in AddDependency.extension: is required
[ERROR] Recipe validation error in AddDependency.familyPattern: is required
[ERROR] Recipe validation error in AddDependency.optional: is required
[ERROR] Recipe validation error in AddDependency.releasesOnly: is required
[ERROR] Recipe validation error in AddDependency.scope: is required
[ERROR] Recipe validation error in AddDependency.type: is required
[ERROR] Recipe validation error in AddDependency.versionPattern: is required
[ERROR] Recipe validation error in UpgradeDependencyVersion.overrideManagedVersion: is required
[ERROR] Recipe validation error in UpgradeDependencyVersion.retainVersions: is required
[ERROR] Recipe validation error in UpgradeDependencyVersion.versionPattern: is required
[ERROR] Recipe validation error in RemoveDependency.configuration: is required
[ERROR] Recipe validation error in RemoveDependency.scope: is required
[ERROR] Recipe validation error in ChangeDependency.changeManagedDependency: is required
[ERROR] Recipe validation error in ChangeDependency.overrideManagedVersion: is required
[ERROR] Recipe validation error in ChangeDependency.versionPattern: is required
[ERROR] Recipe validation error in AddDependency.classifier: is required
[ERROR] Recipe validation error in AddDependency.configuration: is required
[ERROR] Recipe validation error in AddDependency.extension: is required
[ERROR] Recipe validation error in AddDependency.familyPattern: is required
[ERROR] Recipe validation error in AddDependency.optional: is required
[ERROR] Recipe validation error in AddDependency.releasesOnly: is required
[ERROR] Recipe validation error in AddDependency.scope: is required
[ERROR] Recipe validation error in AddDependency.type: is required
[ERROR] Recipe validation error in AddDependency.versionPattern: is required
[ERROR] Recipe validation error in AddDependency.classifier: is required
[ERROR] Recipe validation error in AddDependency.configuration: is required
[ERROR] Recipe validation error in AddDependency.extension: is required
[ERROR] Recipe validation error in AddDependency.familyPattern: is required
[ERROR] Recipe validation error in AddDependency.optional: is required
[ERROR] Recipe validation error in AddDependency.releasesOnly: is required
[ERROR] Recipe validation error in AddDependency.scope: is required
[ERROR] Recipe validation error in AddDependency.type: is required
[ERROR] Recipe validation error in AddDependency.versionPattern: is required
[ERROR] Recipe validation error in UpgradeDependencyVersion.overrideManagedVersion: is required
[ERROR] Recipe validation error in UpgradeDependencyVersion.retainVersions: is required
[ERROR] Recipe validation error in UpgradeDependencyVersion.versionPattern: is required
[ERROR] Recipe validation error in AddDependency.classifier: is required
[ERROR] Recipe validation error in AddDependency.configuration: is required
[ERROR] Recipe validation error in AddDependency.extension: is required
[ERROR] Recipe validation error in AddDependency.familyPattern: is required
[ERROR] Recipe validation error in AddDependency.optional: is required
[ERROR] Recipe validation error in AddDependency.releasesOnly: is required
[ERROR] Recipe validation error in AddDependency.scope: is required
[ERROR] Recipe validation error in AddDependency.type: is required
[ERROR] Recipe validation error in AddDependency.versionPattern: is required
[ERROR] Recipe validation error in UpgradeDependencyVersion.overrideManagedVersion: is required
[ERROR] Recipe validation error in UpgradeDependencyVersion.retainVersions: is required
[ERROR] Recipe validation error in UpgradeDependencyVersion.versionPattern: is required
[ERROR] Recipe validation error in AddDependency.classifier: is required
[ERROR] Recipe validation error in AddDependency.configuration: is required
[ERROR] Recipe validation error in AddDependency.extension: is required
[ERROR] Recipe validation error in AddDependency.familyPattern: is required
[ERROR] Recipe validation error in AddDependency.optional: is required
[ERROR] Recipe validation error in AddDependency.releasesOnly: is required
[ERROR] Recipe validation error in AddDependency.scope: is required
[ERROR] Recipe validation error in AddDependency.type: is required
[ERROR] Recipe validation error in AddDependency.versionPattern: is required
[ERROR] Recipe validation error in UpgradeDependencyVersion.overrideManagedVersion: is required
[ERROR] Recipe validation error in UpgradeDependencyVersion.retainVersions: is required
[ERROR] Recipe validation error in UpgradeDependencyVersion.versionPattern: is required
[ERROR] Recipe validation error in ChangeDependency.changeManagedDependency: is required
[ERROR] Recipe validation error in ChangeDependency.overrideManagedVersion: is required
[ERROR] Recipe validation error in ChangeDependency.versionPattern: is required
[ERROR] Recipe validation error in AddDependency.classifier: is required
[ERROR] Recipe validation error in AddDependency.configuration: is required
[ERROR] Recipe validation error in AddDependency.extension: is required
[ERROR] Recipe validation error in AddDependency.familyPattern: is required
[ERROR] Recipe validation error in AddDependency.optional: is required
[ERROR] Recipe validation error in AddDependency.releasesOnly: is required
[ERROR] Recipe validation error in AddDependency.scope: is required
[ERROR] Recipe validation error in AddDependency.type: is required
[ERROR] Recipe validation error in AddDependency.versionPattern: is required
[ERROR] Recipe validation error in ChangeDependency.changeManagedDependency: is required
[ERROR] Recipe validation error in ChangeDependency.overrideManagedVersion: is required
[ERROR] Recipe validation error in ChangeDependency.versionPattern: is required
[ERROR] Recipe validation error in AddDependency.classifier: is required
[ERROR] Recipe validation error in AddDependency.configuration: is required
[ERROR] Recipe validation error in AddDependency.extension: is required
[ERROR] Recipe validation error in AddDependency.familyPattern: is required
[ERROR] Recipe validation error in AddDependency.optional: is required
[ERROR] Recipe validation error in AddDependency.releasesOnly: is required
[ERROR] Recipe validation error in AddDependency.scope: is required
[ERROR] Recipe validation error in AddDependency.type: is required
[ERROR] Recipe validation error in AddDependency.versionPattern: is required
[ERROR] Recipe validation error in UpgradeDependencyVersion.overrideManagedVersion: is required
[ERROR] Recipe validation error in UpgradeDependencyVersion.retainVersions: is required
[ERROR] Recipe validation error in UpgradeDependencyVersion.versionPattern: is required
[ERROR] Recipe validation error in UpgradeDependencyVersion.overrideManagedVersion: is required
[ERROR] Recipe validation error in UpgradeDependencyVersion.retainVersions: is required
[ERROR] Recipe validation error in UpgradeDependencyVersion.versionPattern: is required
[ERROR] Recipe validation error in UpgradeJavaVersion.distribution: is required
[ERROR] Recipe validation error in UpgradeJavaVersion.distribution: is required
[ERROR] Recipe validation error in UpgradeJavaVersion.distribution: is required
[ERROR] Recipe validation error in UpgradeJavaVersion.distribution: is required
[ERROR] Recipe validation error in UpgradeJavaVersion.distribution: is required
[ERROR] Recipe validation error in UpgradeDependencyVersion.overrideManagedVersion: is required
[ERROR] Recipe validation error in UpgradeDependencyVersion.retainVersions: is required
[ERROR] Recipe validation error in UpgradeDependencyVersion.versionPattern: is required
[ERROR] Recipe validation error in UpgradeDependencyVersion.overrideManagedVersion: is required
[ERROR] Recipe validation error in UpgradeDependencyVersion.retainVersions: is required
[ERROR] Recipe validation error in UpgradeDependencyVersion.versionPattern: is required
[ERROR] Recipe validation error in UpgradeJavaVersion.distribution: is required
[ERROR] Recipe validation error in UpgradeJavaVersion.distribution: is required
[ERROR] Recipe validation error in UpgradeJavaVersion.distribution: is required
[ERROR] Recipe validation error in UpgradeJavaVersion.distribution: is required
[ERROR] Recipe validation error in UpgradeJavaVersion.distribution: is required
[ERROR] Recipe validation error in UpgradeJavaVersion.distribution: is required
[ERROR] Recipe validation error in UpgradeJavaVersion.distribution: is required
[ERROR] Recipe validation error in UpgradeJavaVersion.distribution: is required
[ERROR] Recipe validation error in UpgradeJavaVersion.distribution: is required
[ERROR] Recipe validation error in UpgradeJavaVersion.distribution: is required
[ERROR] Recipe validation error in SetupJavaUpgradeJavaVersion.minimumJavaMajorVersion: is required
[ERROR] Recipe validation error in UpgradeDependencyVersion.overrideManagedVersion: is required
[ERROR] Recipe validation error in UpgradeDependencyVersion.retainVersions: is required
[ERROR] Recipe validation error in UpgradeDependencyVersion.overrideManagedVersion: is required
[ERROR] Recipe validation error in UpgradeDependencyVersion.retainVersions: is required
[ERROR] Recipe validation error in UpgradeDependencyVersion.versionPattern: is required
[ERROR] Recipe validation error in UpgradeDependencyVersion.overrideManagedVersion: is required
[ERROR] Recipe validation error in UpgradeDependencyVersion.retainVersions: is required
[ERROR] Recipe validation error in UpgradeDependencyVersion.versionPattern: is required
[ERROR] Recipe validation error in UpgradeDependencyVersion.overrideManagedVersion: is required
[ERROR] Recipe validation error in UpgradeDependencyVersion.retainVersions: is required
[ERROR] Recipe validation error in UpgradeDependencyVersion.overrideManagedVersion: is required
[ERROR] Recipe validation error in UpgradeDependencyVersion.retainVersions: is required
[ERROR] Recipe validation error in UpgradeDependencyVersion.versionPattern: is required
[ERROR] Recipe validation error in UpgradeDependencyVersion.overrideManagedVersion: is required
[ERROR] Recipe validation error in UpgradeDependencyVersion.retainVersions: is required
[ERROR] Recipe validation error in UpgradeDependencyVersion.versionPattern: is required
[ERROR] Recipe validation errors detected as part of one or more activeRecipe(s). Execution will continue regardless.
[INFO] Project [Ticket Reservation System] Resolving Poms...
[WARNING] Failed to access maven repository http://snapshots.repository.codehaus.org due to: snapshots.repository.codehaus.org
[INFO] Project [Ticket Reservation System] Parsing source files
[INFO] Running recipe(s)...
[WARNING] Changes have been made to pom.xml by:
[WARNING]     org.openrewrite.java.migrate.UpgradeToJava17
[WARNING]         org.openrewrite.java.migrate.Java8toJava11
[WARNING]             org.openrewrite.java.migrate.UpgradeBuildToJava11
[WARNING]                 org.openrewrite.java.migrate.UpgradeJavaVersion: {version=11}
[WARNING]                     org.openrewrite.java.migrate.maven.UseMavenCompilerPluginReleaseConfiguration: {releaseVersion=11}
[WARNING]                     org.openrewrite.java.migrate.maven.UpdateMavenProjectPropertyJavaVersion: {version=11}
[WARNING]         org.openrewrite.java.migrate.UpgradeBuildToJava17
[WARNING]             org.openrewrite.java.migrate.UpgradeJavaVersion: {version=17}
[WARNING]                 org.openrewrite.java.migrate.maven.UseMavenCompilerPluginReleaseConfiguration: {releaseVersion=17}
[WARNING]                 org.openrewrite.java.migrate.maven.UpdateMavenProjectPropertyJavaVersion: {version=17}
[WARNING]         org.openrewrite.java.migrate.UpgradePluginsForJava17
[WARNING]             org.openrewrite.maven.UpgradePluginVersion: {groupId=org.apache.maven.plugins, artifactId=maven-compiler-plugin, newVersion=3.x}
[WARNING]             org.openrewrite.maven.UpgradePluginVersion: {groupId=org.apache.maven.plugins, artifactId=maven-war-plugin, newVersion=3.x}
[WARNING]         org.openrewrite.java.migrate.UpgradeBuildToJava21
[WARNING]             org.openrewrite.java.migrate.UpgradeJavaVersion: {version=21}
[WARNING]                 org.openrewrite.java.migrate.maven.UseMavenCompilerPluginReleaseConfiguration: {releaseVersion=21}
[WARNING]                 org.openrewrite.java.migrate.maven.UpdateMavenProjectPropertyJavaVersion: {version=21}
[WARNING] Please review and commit the results.
[WARNING] Estimate time saved: 5m
[INFO] ------------------------------------------------------------------------
[INFO] BUILD SUCCESS
[INFO] ------------------------------------------------------------------------
[INFO] Total time:  14.015 s
[INFO] Finished at: 2025-06-16T02:35:15+09:00
[INFO] ------------------------------------------------------------------------
2025-06-15T17:35:15.701Z [INFO] [MavenBuildTool] Cleaning up/Notifying after OpenRewrite success.
2025-06-15T17:35:15.701Z [INFO] [MavenBuildTool] Notifying Maven config changed.
2025-06-15T17:35:15.701Z [INFO] [BaseBuildTool] Firing config modified event for mvn, sleeping for 5 seconds
2025-06-15T17:35:15.701Z [INFO] [Environment] Running command (Java 8): mvn --version
Apache Maven 3.9.10 (5f519b97e944483d878815739f519b2eade0a91d)
Maven home: /opt/homebrew/Cellar/maven/3.9.10/libexec
Java version: 1.8.0_452, vendor: BellSoft, runtime: /Users/ihcomega/.sdkman/candidates/java/8.0.452-librca/jre
Default locale: ja_US, platform encoding: UTF-8
OS name: "mac os x", version: "15.5", arch: "aarch64", family: "mac"
2025-06-15T17:35:16.107Z [INFO] [BaseBuildTool] New version of mvn:  -> 3.9.10
2025-06-15T17:35:16.107Z [INFO] [MavenBuildTool] Getting Java version of /Users/ihcomega/workspace/java-on-azure-day from pom.xml
2025-06-15T17:35:16.107Z [INFO] [MavenBuildTool] Searching for pom.xml files in /Users/ihcomega/workspace/java-on-azure-day
2025-06-15T17:35:16.107Z [INFO] [MavenBuildTool] Getting modules of /Users/ihcomega/workspace/java-on-azure-day
2025-06-15T17:35:16.107Z [INFO] [Environment] Running command (Java 8): mvn help:evaluate -Dexpression=project.modules -q -DforceStdout
<modules/>2025-06-15T17:35:17.981Z [INFO] [MavenBuildTool] Found modules: 
2025-06-15T17:35:17.982Z [INFO] [MavenBuildTool] Found pom.xml files: /Users/ihcomega/workspace/java-on-azure-day/pom.xml
2025-06-15T17:35:17.982Z [INFO] [MavenBuildTool] Java version found in /Users/ihcomega/workspace/java-on-azure-day/pom.xml: 21
2025-06-15T17:35:17.982Z [INFO] [BaseBuildTool] Notifying Java version/Config change: '21' || '21'
2025-06-15T17:35:17.983Z [INFO] OpenRewrite completed successfully.
2025-06-15T17:35:17.983Z [INFO] [Environment] Running command (Java 21): java -version
openjdk version "21.0.2" 2024-01-16 LTS
OpenJDK Runtime Environment (build 21.0.2+14-LTS)
OpenJDK 64-Bit Server VM (build 21.0.2+14-LTS, mixed mode, sharing)
2025-06-15T17:35:18.231Z [INFO] [JdkEnvironment] Got real Java version: 21.0.2
2025-06-15T17:35:18.231Z [INFO] [Project java-on-azure-day]: getting Java version.
2025-06-15T17:35:18.231Z [INFO] [Project java-on-azure-day]: got Java version: 21
2025-06-15T17:35:18.231Z [INFO] Java version after applying recipes: 21(JDK version)/21(Project Java version)
2025-06-15T17:35:18.231Z [INFO] OpenRewrite upgrade Java version successfully.
